authoring-preview	UNKNOWN STEP	﻿2026-09-27T17:55:24.4097667Z Current runner version: '2.337.0'
authoring-preview	UNKNOWN STEP	2026-09-27T17:55:24.4124205Z ##[group]Runner Image Provisioner
authoring-preview	UNKNOWN STEP	2026-09-27T17:55:24.4125032Z Hosted Compute Agent
authoring-preview	UNKNOWN STEP	2026-09-27T17:55:24.4125779Z Version: 20260828.587
authoring-preview	UNKNOWN STEP	2026-09-27T17:55:24.4126406Z Commit: abac92662cab4cc7352de4f9f9d2e2419aad9c29
authoring-preview	UNKNOWN STEP	2026-09-27T17:55:24.4127471Z Build Date: 2026-08-28T16:44:25Z
authoring-preview	UNKNOWN STEP	2026-09-27T17:55:24.4128217Z Worker ID: {4e0f0fcf-158e-474a-bfc3-be9cb0943135}
authoring-preview	UNKNOWN STEP	2026-09-27T17:55:24.4129128Z Azure Region: eastus
authoring-preview	UNKNOWN STEP	2026-09-27T17:55:24.4129767Z ##[endgroup]
authoring-preview	UNKNOWN STEP	2026-09-27T17:55:24.4131630Z ##[group]Operating System
authoring-preview	UNKNOWN STEP	2026-09-27T17:55:24.4132354Z Ubuntu
authoring-preview	UNKNOWN STEP	2026-09-27T17:55:24.4132881Z 24.04.5
authoring-preview	UNKNOWN STEP	2026-09-27T17:55:24.4133374Z LTS
authoring-preview	UNKNOWN STEP	2026-09-27T17:55:24.4134016Z ##[endgroup]
authoring-preview	UNKNOWN STEP	2026-09-27T17:55:24.4134557Z ##[group]Runner Image
authoring-preview	UNKNOWN STEP	2026-09-27T17:55:24.4135206Z Image: ubuntu-24.04
authoring-preview	UNKNOWN STEP	2026-09-27T17:55:24.4135769Z Version: 20260920.314.1
authoring-preview	UNKNOWN STEP	2026-09-27T17:55:24.4137154Z Included Software: https://github.com/actions/runner-images/blob/ubuntu24/20260920.314/images/ubuntu/Ubuntu2404-Readme.md
authoring-preview	UNKNOWN STEP	2026-09-27T17:55:24.4139121Z Image Release: https://github.com/actions/runner-images/releases/tag/ubuntu24%2F20260920.314
authoring-preview	UNKNOWN STEP	2026-09-27T17:55:24.4140154Z ##[endgroup]
authoring-preview	UNKNOWN STEP	2026-09-27T17:55:24.4141351Z ##[group]GITHUB_TOKEN Permissions
authoring-preview	UNKNOWN STEP	2026-09-27T17:55:24.4143632Z Contents: read
authoring-preview	UNKNOWN STEP	2026-09-27T17:55:24.4144231Z Metadata: read
authoring-preview	UNKNOWN STEP	2026-09-27T17:55:24.4144847Z Packages: read
authoring-preview	UNKNOWN STEP	2026-09-27T17:55:24.4145465Z ##[endgroup]
authoring-preview	UNKNOWN STEP	2026-09-27T17:55:24.4147846Z Secret source: Actions
authoring-preview	UNKNOWN STEP	2026-09-27T17:55:24.4148936Z Cache mode: write
authoring-preview	UNKNOWN STEP	2026-09-27T17:55:24.4149633Z Prepare workflow directory
authoring-preview	UNKNOWN STEP	2026-09-27T17:55:24.4547994Z Prepare all required actions
authoring-preview	UNKNOWN STEP	2026-09-27T17:55:24.4597949Z Getting action download info
authoring-preview	UNKNOWN STEP	2026-09-27T17:55:24.6851790Z Download action repository 'actions/checkout@v4' (SHA:11d5960a326750d5838078e36cf38b85af677262)
authoring-preview	UNKNOWN STEP	2026-09-27T17:55:24.7861884Z Download action repository 'actions/setup-node@v4' (SHA:49933ea5288caeca8642d1e84afbd3f7d6820020)
authoring-preview	UNKNOWN STEP	2026-09-27T17:55:24.8697884Z Download action repository 'actions/upload-artifact@v4' (SHA:ea165f8d65b6e75b540449e92b4886f43607fa02)
authoring-preview	UNKNOWN STEP	2026-09-27T17:55:25.0755962Z Complete job name: authoring-preview
authoring-preview	UNKNOWN STEP	2026-09-27T17:55:25.1551118Z ##[group]Run actions/checkout@v4
authoring-preview	UNKNOWN STEP	2026-09-27T17:55:25.1551992Z with:
authoring-preview	UNKNOWN STEP	2026-09-27T17:55:25.1552458Z   repository: TheCharlesChristy/LearnLab
authoring-preview	UNKNOWN STEP	2026-09-27T17:55:25.1556341Z   token: ***
authoring-preview	UNKNOWN STEP	2026-09-27T17:55:25.1556763Z   ssh-strict: true
authoring-preview	UNKNOWN STEP	2026-09-27T17:55:25.1557532Z   ssh-user: git
authoring-preview	UNKNOWN STEP	2026-09-27T17:55:25.1558146Z   persist-credentials: true
authoring-preview	UNKNOWN STEP	2026-09-27T17:55:25.1558638Z   clean: true
authoring-preview	UNKNOWN STEP	2026-09-27T17:55:25.1559072Z   sparse-checkout-cone-mode: true
authoring-preview	UNKNOWN STEP	2026-09-27T17:55:25.1559580Z   fetch-depth: 1
authoring-preview	UNKNOWN STEP	2026-09-27T17:55:25.1559997Z   fetch-tags: false
authoring-preview	UNKNOWN STEP	2026-09-27T17:55:25.1560419Z   show-progress: true
authoring-preview	UNKNOWN STEP	2026-09-27T17:55:25.1560856Z   lfs: false
authoring-preview	UNKNOWN STEP	2026-09-27T17:55:25.1561253Z   submodules: false
authoring-preview	UNKNOWN STEP	2026-09-27T17:55:25.1561686Z   set-safe-directory: true
authoring-preview	UNKNOWN STEP	2026-09-27T17:55:25.1562179Z   allow-unsafe-pr-checkout: false
authoring-preview	UNKNOWN STEP	2026-09-27T17:55:25.1562993Z env:
authoring-preview	UNKNOWN STEP	2026-09-27T17:55:25.1563425Z   VITE_EXPERIENCE_RUNTIME_V2: true
authoring-preview	UNKNOWN STEP	2026-09-27T17:55:25.1563982Z   VITE_AUTHOR_STUDIO: true
authoring-preview	UNKNOWN STEP	2026-09-27T17:55:25.1564454Z ##[endgroup]
authoring-preview	UNKNOWN STEP	2026-09-27T17:55:25.2615748Z Syncing repository: TheCharlesChristy/LearnLab
authoring-preview	UNKNOWN STEP	2026-09-27T17:55:25.2618943Z ##[group]Getting Git version info
authoring-preview	UNKNOWN STEP	2026-09-27T17:55:25.2620153Z Working directory is '/home/runner/work/LearnLab/LearnLab'
authoring-preview	UNKNOWN STEP	2026-09-27T17:55:25.2621503Z [command]/usr/bin/git version
authoring-preview	UNKNOWN STEP	2026-09-27T17:55:25.2683701Z git version 2.55.0
authoring-preview	UNKNOWN STEP	2026-09-27T17:55:25.2710158Z ##[endgroup]
authoring-preview	UNKNOWN STEP	2026-09-27T17:55:25.2728015Z Temporarily overriding HOME='/home/runner/work/_temp/0aa42c5f-36a2-4d76-b013-f0809ba8abbe' before making global git config changes
authoring-preview	UNKNOWN STEP	2026-09-27T17:55:25.2731208Z Adding repository directory to the temporary git global config as a safe directory
authoring-preview	UNKNOWN STEP	2026-09-27T17:55:25.2734242Z [command]/usr/bin/git config --global --add safe.directory /home/runner/work/LearnLab/LearnLab
authoring-preview	UNKNOWN STEP	2026-09-27T17:55:25.2790805Z Deleting the contents of '/home/runner/work/LearnLab/LearnLab'
authoring-preview	UNKNOWN STEP	2026-09-27T17:55:25.2795406Z ##[group]Initializing the repository
authoring-preview	UNKNOWN STEP	2026-09-27T17:55:25.2805124Z [command]/usr/bin/git init /home/runner/work/LearnLab/LearnLab
authoring-preview	UNKNOWN STEP	2026-09-27T17:55:25.2921218Z hint: Using 'master' as the name for the initial branch. This default branch name
authoring-preview	UNKNOWN STEP	2026-09-27T17:55:25.2922941Z hint: will change to "main" in Git 3.0. To configure the initial branch name
authoring-preview	UNKNOWN STEP	2026-09-27T17:55:25.2924971Z hint: to use in all of your new repositories, which will suppress this warning,
authoring-preview	UNKNOWN STEP	2026-09-27T17:55:25.2926517Z hint: call:
authoring-preview	UNKNOWN STEP	2026-09-27T17:55:25.2927749Z hint:
authoring-preview	UNKNOWN STEP	2026-09-27T17:55:25.2928800Z hint: 	git config --global init.defaultBranch <name>
authoring-preview	UNKNOWN STEP	2026-09-27T17:55:25.2929917Z hint:
authoring-preview	UNKNOWN STEP	2026-09-27T17:55:25.2931039Z hint: Names commonly chosen instead of 'master' are 'main', 'trunk' and
authoring-preview	UNKNOWN STEP	2026-09-27T17:55:25.2933014Z hint: 'development'. The just-created branch can be renamed via this command:
authoring-preview	UNKNOWN STEP	2026-09-27T17:55:25.2934339Z hint:
authoring-preview	UNKNOWN STEP	2026-09-27T17:55:25.2935068Z hint: 	git branch -m <name>
authoring-preview	UNKNOWN STEP	2026-09-27T17:55:25.2935960Z hint:
authoring-preview	UNKNOWN STEP	2026-09-27T17:55:25.2937688Z hint: Disable this message with "git config set advice.defaultBranchName false"
authoring-preview	UNKNOWN STEP	2026-09-27T17:55:25.2939840Z Initialized empty Git repository in /home/runner/work/LearnLab/LearnLab/.git/
authoring-preview	UNKNOWN STEP	2026-09-27T17:55:25.2942977Z [command]/usr/bin/git remote add origin https://github.com/TheCharlesChristy/LearnLab
authoring-preview	UNKNOWN STEP	2026-09-27T17:55:25.2992289Z ##[endgroup]
authoring-preview	UNKNOWN STEP	2026-09-27T17:55:25.2993644Z ##[group]Disabling automatic garbage collection
authoring-preview	UNKNOWN STEP	2026-09-27T17:55:25.2997680Z [command]/usr/bin/git config --local gc.auto 0
authoring-preview	UNKNOWN STEP	2026-09-27T17:55:25.3031571Z ##[endgroup]
authoring-preview	UNKNOWN STEP	2026-09-27T17:55:25.3032293Z ##[group]Setting up auth
authoring-preview	UNKNOWN STEP	2026-09-27T17:55:25.3038846Z [command]/usr/bin/git config --local --name-only --get-regexp core\.sshCommand
authoring-preview	UNKNOWN STEP	2026-09-27T17:55:25.3073421Z [command]/usr/bin/git submodule foreach --recursive sh -c "git config --local --name-only --get-regexp 'core\.sshCommand' && git config --local --unset-all 'core.sshCommand' || :"
authoring-preview	UNKNOWN STEP	2026-09-27T17:55:25.3430883Z [command]/usr/bin/git config --local --name-only --get-regexp http\.https\:\/\/github\.com\/\.extraheader
authoring-preview	UNKNOWN STEP	2026-09-27T17:55:25.3465435Z [command]/usr/bin/git submodule foreach --recursive sh -c "git config --local --name-only --get-regexp 'http\.https\:\/\/github\.com\/\.extraheader' && git config --local --unset-all 'http.https://github.com/.extraheader' || :"
authoring-preview	UNKNOWN STEP	2026-09-27T17:55:25.3692810Z [command]/usr/bin/git config --local --name-only --get-regexp ^includeIf\.gitdir:
authoring-preview	UNKNOWN STEP	2026-09-27T17:55:25.3728924Z [command]/usr/bin/git submodule foreach --recursive git config --local --show-origin --name-only --get-regexp remote.origin.url
authoring-preview	UNKNOWN STEP	2026-09-27T17:55:25.3990160Z [command]/usr/bin/git config --local http.https://github.com/.extraheader AUTHORIZATION: basic ***
authoring-preview	UNKNOWN STEP	2026-09-27T17:55:25.4036493Z ##[endgroup]
authoring-preview	UNKNOWN STEP	2026-09-27T17:55:25.4037640Z ##[group]Fetching the repository
authoring-preview	UNKNOWN STEP	2026-09-27T17:55:25.4051246Z [command]/usr/bin/git -c protocol.version=2 fetch --no-tags --prune --no-recurse-submodules --depth=1 origin +228ad19c1aea1ab23bf0458a027962a52e97c733:refs/remotes/pull/71/merge
authoring-preview	UNKNOWN STEP	2026-09-27T17:55:25.9391885Z From https://github.com/TheCharlesChristy/LearnLab
authoring-preview	UNKNOWN STEP	2026-09-27T17:55:25.9393963Z  * [new ref]         228ad19c1aea1ab23bf0458a027962a52e97c733 -> pull/71/merge
authoring-preview	UNKNOWN STEP	2026-09-27T17:55:25.9399049Z ##[endgroup]
authoring-preview	UNKNOWN STEP	2026-09-27T17:55:25.9401022Z ##[group]Determining the checkout info
authoring-preview	UNKNOWN STEP	2026-09-27T17:55:25.9402946Z ##[endgroup]
authoring-preview	UNKNOWN STEP	2026-09-27T17:55:25.9406163Z [command]/usr/bin/git sparse-checkout disable
authoring-preview	UNKNOWN STEP	2026-09-27T17:55:25.9468425Z [command]/usr/bin/git config --local --unset-all extensions.worktreeConfig
authoring-preview	UNKNOWN STEP	2026-09-27T17:55:25.9512804Z ##[group]Checking out the ref
authoring-preview	UNKNOWN STEP	2026-09-27T17:55:25.9517407Z [command]/usr/bin/git checkout --progress --force refs/remotes/pull/71/merge
authoring-preview	UNKNOWN STEP	2026-09-27T17:55:26.0317136Z Note: switching to 'refs/remotes/pull/71/merge'.
authoring-preview	UNKNOWN STEP	2026-09-27T17:55:26.0318976Z 
authoring-preview	UNKNOWN STEP	2026-09-27T17:55:26.0319951Z You are in 'detached HEAD' state. You can look around, make experimental
authoring-preview	UNKNOWN STEP	2026-09-27T17:55:26.0322326Z changes and commit them, and you can discard any commits you make in this
authoring-preview	UNKNOWN STEP	2026-09-27T17:55:26.0324629Z state without impacting any branches by switching back to a branch.
authoring-preview	UNKNOWN STEP	2026-09-27T17:55:26.0326118Z 
authoring-preview	UNKNOWN STEP	2026-09-27T17:55:26.0327891Z If you want to create a new branch to retain commits you create, you may
authoring-preview	UNKNOWN STEP	2026-09-27T17:55:26.0330176Z do so (now or later) by using -c with the switch command. Example:
authoring-preview	UNKNOWN STEP	2026-09-27T17:55:26.0331442Z 
authoring-preview	UNKNOWN STEP	2026-09-27T17:55:26.0332040Z   git switch -c <new-branch-name>
authoring-preview	UNKNOWN STEP	2026-09-27T17:55:26.0332923Z 
authoring-preview	UNKNOWN STEP	2026-09-27T17:55:26.0333500Z Or undo this operation with:
authoring-preview	UNKNOWN STEP	2026-09-27T17:55:26.0334337Z 
authoring-preview	UNKNOWN STEP	2026-09-27T17:55:26.0334994Z   git switch -
authoring-preview	UNKNOWN STEP	2026-09-27T17:55:26.0335849Z 
authoring-preview	UNKNOWN STEP	2026-09-27T17:55:26.0336565Z Turn off this advice by setting config variable advice.detachedHead to false
authoring-preview	UNKNOWN STEP	2026-09-27T17:55:26.0337891Z 
authoring-preview	UNKNOWN STEP	2026-09-27T17:55:26.0339091Z HEAD is now at 228ad19 Merge a02b13a37586eeb49faa65882a7254b1d8420c18 into 60231262423776db947e1cdfb19eb09b67e358e7
authoring-preview	UNKNOWN STEP	2026-09-27T17:55:26.0343486Z ##[endgroup]
authoring-preview	UNKNOWN STEP	2026-09-27T17:55:26.0370462Z [command]/usr/bin/git log -1 --format=%H
authoring-preview	UNKNOWN STEP	2026-09-27T17:55:26.0395682Z 228ad19c1aea1ab23bf0458a027962a52e97c733
authoring-preview	UNKNOWN STEP	2026-09-27T17:55:26.0867764Z ##[group]Run actions/setup-node@v4
authoring-preview	UNKNOWN STEP	2026-09-27T17:55:26.0869143Z with:
authoring-preview	UNKNOWN STEP	2026-09-27T17:55:26.0870048Z   node-version: 22
authoring-preview	UNKNOWN STEP	2026-09-27T17:55:26.0871025Z   cache: npm
authoring-preview	UNKNOWN STEP	2026-09-27T17:55:26.0871949Z   always-auth: false
authoring-preview	UNKNOWN STEP	2026-09-27T17:55:26.0872970Z   check-latest: false
authoring-preview	UNKNOWN STEP	2026-09-27T17:55:26.0883939Z   token: ***
authoring-preview	UNKNOWN STEP	2026-09-27T17:55:26.0884891Z env:
authoring-preview	UNKNOWN STEP	2026-09-27T17:55:26.0885815Z   VITE_EXPERIENCE_RUNTIME_V2: true
authoring-preview	UNKNOWN STEP	2026-09-27T17:55:26.0887041Z   VITE_AUTHOR_STUDIO: true
authoring-preview	UNKNOWN STEP	2026-09-27T17:55:26.0888286Z ##[endgroup]
authoring-preview	UNKNOWN STEP	2026-09-27T17:55:26.2408945Z (node:2256) [DEP0040] DeprecationWarning: The `punycode` module is deprecated. Please use a userland alternative instead.
authoring-preview	UNKNOWN STEP	2026-09-27T17:55:26.2412013Z (Use `node --trace-deprecation ...` to show where the warning was created)
authoring-preview	UNKNOWN STEP	2026-09-27T17:55:26.2419145Z Found in cache @ /opt/hostedtoolcache/node/22.23.2/x64
authoring-preview	UNKNOWN STEP	2026-09-27T17:55:26.2421438Z ##[group]Environment details
authoring-preview	UNKNOWN STEP	2026-09-27T17:55:26.6421620Z node: v22.23.2
authoring-preview	UNKNOWN STEP	2026-09-27T17:55:26.6422499Z npm: 10.9.8
authoring-preview	UNKNOWN STEP	2026-09-27T17:55:26.6423246Z yarn: 1.22.22
authoring-preview	UNKNOWN STEP	2026-09-27T17:55:26.6424568Z ##[endgroup]
authoring-preview	UNKNOWN STEP	2026-09-27T17:55:26.6448224Z [command]/opt/hostedtoolcache/node/22.23.2/x64/bin/npm config get cache
authoring-preview	UNKNOWN STEP	2026-09-27T17:55:26.9194769Z /home/runner/.npm
authoring-preview	UNKNOWN STEP	2026-09-27T17:55:26.9958428Z npm cache is not found
authoring-preview	UNKNOWN STEP	2026-09-27T17:55:27.0129642Z ##[group]Run npm ci
authoring-preview	UNKNOWN STEP	2026-09-27T17:55:27.0130046Z [36;1mnpm ci[0m
authoring-preview	UNKNOWN STEP	2026-09-27T17:55:27.0400475Z shell: /usr/bin/bash -e {0}
authoring-preview	UNKNOWN STEP	2026-09-27T17:55:27.0400872Z env:
authoring-preview	UNKNOWN STEP	2026-09-27T17:55:27.0401160Z   VITE_EXPERIENCE_RUNTIME_V2: true
authoring-preview	UNKNOWN STEP	2026-09-27T17:55:27.0401532Z   VITE_AUTHOR_STUDIO: true
authoring-preview	UNKNOWN STEP	2026-09-27T17:55:27.0401842Z ##[endgroup]
authoring-preview	UNKNOWN STEP	2026-09-27T17:55:34.3112368Z npm warn deprecated source-map@0.8.0-beta.0: The work that was done in this beta branch won't be included in future versions
authoring-preview	UNKNOWN STEP	2026-09-27T17:55:35.4847576Z npm warn deprecated glob@11.1.0: Old versions of glob are not supported, and contain widely publicized security vulnerabilities, which have been fixed in the current version. Please update. Support for old versions may be purchased (at exorbitant rates) by contacting i@izs.me
authoring-preview	UNKNOWN STEP	2026-09-27T17:55:42.0837746Z 
authoring-preview	UNKNOWN STEP	2026-09-27T17:55:42.0839143Z added 822 packages, and audited 823 packages in 15s
authoring-preview	UNKNOWN STEP	2026-09-27T17:55:42.0839645Z 
authoring-preview	UNKNOWN STEP	2026-09-27T17:55:42.0840183Z 307 packages are looking for funding
authoring-preview	UNKNOWN STEP	2026-09-27T17:55:42.0841040Z   run `npm fund` for details
authoring-preview	UNKNOWN STEP	2026-09-27T17:55:42.1195479Z 
authoring-preview	UNKNOWN STEP	2026-09-27T17:55:42.1196362Z 13 vulnerabilities (3 moderate, 10 high)
authoring-preview	UNKNOWN STEP	2026-09-27T17:55:42.1196789Z 
authoring-preview	UNKNOWN STEP	2026-09-27T17:55:42.1198805Z To address issues that do not require attention, run:
authoring-preview	UNKNOWN STEP	2026-09-27T17:55:42.1199501Z   npm audit fix
authoring-preview	UNKNOWN STEP	2026-09-27T17:55:42.1199726Z 
authoring-preview	UNKNOWN STEP	2026-09-27T17:55:42.1199943Z To address all issues, run:
authoring-preview	UNKNOWN STEP	2026-09-27T17:55:42.1200382Z   npm audit fix --force
authoring-preview	UNKNOWN STEP	2026-09-27T17:55:42.1200653Z 
authoring-preview	UNKNOWN STEP	2026-09-27T17:55:42.1200880Z Run `npm audit` for details.
authoring-preview	UNKNOWN STEP	2026-09-27T17:55:42.1896377Z ##[group]Run npx playwright install --with-deps chromium firefox webkit
authoring-preview	UNKNOWN STEP	2026-09-27T17:55:42.1896966Z [36;1mnpx playwright install --with-deps chromium firefox webkit[0m
authoring-preview	UNKNOWN STEP	2026-09-27T17:55:42.1961779Z shell: /usr/bin/bash -e {0}
authoring-preview	UNKNOWN STEP	2026-09-27T17:55:42.1962043Z env:
authoring-preview	UNKNOWN STEP	2026-09-27T17:55:42.1962492Z   VITE_EXPERIENCE_RUNTIME_V2: true
authoring-preview	UNKNOWN STEP	2026-09-27T17:55:42.1962762Z   VITE_AUTHOR_STUDIO: true
authoring-preview	UNKNOWN STEP	2026-09-27T17:55:42.1962989Z ##[endgroup]
authoring-preview	UNKNOWN STEP	2026-09-27T17:55:43.1074464Z Installing dependencies...
authoring-preview	UNKNOWN STEP	2026-09-27T17:55:43.1148930Z Switching to root user to install dependencies...
authoring-preview	UNKNOWN STEP	2026-09-27T17:55:43.2935886Z Get:1 file:/etc/apt/apt-mirrors.txt Mirrorlist [144 B]
authoring-preview	UNKNOWN STEP	2026-09-27T17:55:43.3266635Z Hit:2 http://azure.archive.ubuntu.com/ubuntu noble InRelease
authoring-preview	UNKNOWN STEP	2026-09-27T17:55:43.3288679Z Get:3 http://azure.archive.ubuntu.com/ubuntu noble-updates InRelease [126 kB]
authoring-preview	UNKNOWN STEP	2026-09-27T17:55:43.3316800Z Get:6 https://packages.microsoft.com/ubuntu/24.04/prod noble InRelease [3600 B]
authoring-preview	UNKNOWN STEP	2026-09-27T17:55:43.3348412Z Get:4 http://azure.archive.ubuntu.com/ubuntu noble-backports InRelease [126 kB]
authoring-preview	UNKNOWN STEP	2026-09-27T17:55:43.3388782Z Get:5 http://azure.archive.ubuntu.com/ubuntu noble-security InRelease [126 kB]
authoring-preview	UNKNOWN STEP	2026-09-27T17:55:43.4550579Z Get:7 https://packages.microsoft.com/ubuntu/24.04/prod noble/main amd64 Packages [498 kB]
authoring-preview	UNKNOWN STEP	2026-09-27T17:55:43.4699479Z Get:8 https://packages.microsoft.com/ubuntu/24.04/prod noble/main arm64 Packages [446 kB]
authoring-preview	UNKNOWN STEP	2026-09-27T17:55:43.5058891Z Get:9 http://azure.archive.ubuntu.com/ubuntu noble-updates/main amd64 Packages [1319 kB]
authoring-preview	UNKNOWN STEP	2026-09-27T17:55:43.5139359Z Get:10 http://azure.archive.ubuntu.com/ubuntu noble-updates/main Translation-en [299 kB]
authoring-preview	UNKNOWN STEP	2026-09-27T17:55:43.5173166Z Get:11 http://azure.archive.ubuntu.com/ubuntu noble-updates/main amd64 Components [181 kB]
authoring-preview	UNKNOWN STEP	2026-09-27T17:55:43.5183707Z Get:12 http://azure.archive.ubuntu.com/ubuntu noble-updates/universe amd64 Packages [1698 kB]
authoring-preview	UNKNOWN STEP	2026-09-27T17:55:43.5271482Z Get:13 http://azure.archive.ubuntu.com/ubuntu noble-updates/universe Translation-en [340 kB]
authoring-preview	UNKNOWN STEP	2026-09-27T17:55:43.5320636Z Get:14 http://azure.archive.ubuntu.com/ubuntu noble-updates/universe amd64 Components [388 kB]
authoring-preview	UNKNOWN STEP	2026-09-27T17:55:43.5347710Z Get:15 http://azure.archive.ubuntu.com/ubuntu noble-updates/restricted amd64 Packages [1654 kB]
authoring-preview	UNKNOWN STEP	2026-09-27T17:55:43.5439219Z Get:16 http://azure.archive.ubuntu.com/ubuntu noble-updates/restricted Translation-en [377 kB]
authoring-preview	UNKNOWN STEP	2026-09-27T17:55:43.5459975Z Get:17 http://azure.archive.ubuntu.com/ubuntu noble-updates/multiverse amd64 Components [940 B]
authoring-preview	UNKNOWN STEP	2026-09-27T17:55:43.5765034Z Get:18 http://azure.archive.ubuntu.com/ubuntu noble-backports/main amd64 Packages [40.6 kB]
authoring-preview	UNKNOWN STEP	2026-09-27T17:55:43.6204925Z Get:19 http://azure.archive.ubuntu.com/ubuntu noble-backports/main amd64 Components [5760 B]
authoring-preview	UNKNOWN STEP	2026-09-27T17:55:43.6219818Z Get:20 http://azure.archive.ubuntu.com/ubuntu noble-backports/universe amd64 Packages [31.0 kB]
authoring-preview	UNKNOWN STEP	2026-09-27T17:55:43.6248753Z Get:21 http://azure.archive.ubuntu.com/ubuntu noble-backports/universe Translation-en [18.6 kB]
authoring-preview	UNKNOWN STEP	2026-09-27T17:55:43.6310670Z Get:22 http://azure.archive.ubuntu.com/ubuntu noble-backports/universe amd64 Components [12.6 kB]
authoring-preview	UNKNOWN STEP	2026-09-27T17:55:43.6368557Z Get:23 http://azure.archive.ubuntu.com/ubuntu noble-security/main amd64 Packages [1053 kB]
authoring-preview	UNKNOWN STEP	2026-09-27T17:55:43.6404109Z Get:24 http://azure.archive.ubuntu.com/ubuntu noble-security/main Translation-en [219 kB]
authoring-preview	UNKNOWN STEP	2026-09-27T17:55:43.6429551Z Get:25 http://azure.archive.ubuntu.com/ubuntu noble-security/main amd64 Components [46.5 kB]
authoring-preview	UNKNOWN STEP	2026-09-27T17:55:43.6468528Z Get:26 http://azure.archive.ubuntu.com/ubuntu noble-security/universe amd64 Packages [1220 kB]
authoring-preview	UNKNOWN STEP	2026-09-27T17:55:43.6548865Z Get:27 http://azure.archive.ubuntu.com/ubuntu noble-security/universe Translation-en [245 kB]
authoring-preview	UNKNOWN STEP	2026-09-27T17:55:43.6560833Z Get:28 http://azure.archive.ubuntu.com/ubuntu noble-security/universe amd64 Components [76.3 kB]
authoring-preview	UNKNOWN STEP	2026-09-27T17:55:43.6564815Z Get:29 http://azure.archive.ubuntu.com/ubuntu noble-security/restricted amd64 Packages [1535 kB]
authoring-preview	UNKNOWN STEP	2026-09-27T17:55:43.6644561Z Get:30 http://azure.archive.ubuntu.com/ubuntu noble-security/restricted Translation-en [353 kB]
authoring-preview	UNKNOWN STEP	2026-09-27T17:55:48.0214443Z Fetched 12.4 MB in 1s (9077 kB/s)
authoring-preview	UNKNOWN STEP	2026-09-27T17:55:48.8541549Z Reading package lists...
authoring-preview	UNKNOWN STEP	2026-09-27T17:55:48.8786822Z Reading package lists...
authoring-preview	UNKNOWN STEP	2026-09-27T17:55:49.0765355Z Building dependency tree...
authoring-preview	UNKNOWN STEP	2026-09-27T17:55:49.0772664Z Reading state information...
authoring-preview	UNKNOWN STEP	2026-09-27T17:55:49.0939738Z libasound2t64 is already the newest version (1.2.11-1ubuntu0.3).
authoring-preview	UNKNOWN STEP	2026-09-27T17:55:49.0940932Z libasound2t64 set to manually installed.
authoring-preview	UNKNOWN STEP	2026-09-27T17:55:49.0942102Z libatk-bridge2.0-0t64 is already the newest version (2.52.0-1build1).
authoring-preview	UNKNOWN STEP	2026-09-27T17:55:49.0943220Z libatk-bridge2.0-0t64 set to manually installed.
authoring-preview	UNKNOWN STEP	2026-09-27T17:55:49.0944116Z libatk1.0-0t64 is already the newest version (2.52.0-1build1).
authoring-preview	UNKNOWN STEP	2026-09-27T17:55:49.0944644Z libatk1.0-0t64 set to manually installed.
authoring-preview	UNKNOWN STEP	2026-09-27T17:55:49.0945197Z libatspi2.0-0t64 is already the newest version (2.52.0-1build1).
authoring-preview	UNKNOWN STEP	2026-09-27T17:55:49.0945745Z libatspi2.0-0t64 set to manually installed.
authoring-preview	UNKNOWN STEP	2026-09-27T17:55:49.0946602Z libcairo2 is already the newest version (1.18.0-3build1).
authoring-preview	UNKNOWN STEP	2026-09-27T17:55:49.0947155Z libcairo2 set to manually installed.
authoring-preview	UNKNOWN STEP	2026-09-27T17:55:49.0947925Z libcups2t64 is already the newest version (2.4.7-1.2ubuntu7.14).
authoring-preview	UNKNOWN STEP	2026-09-27T17:55:49.0948457Z libcups2t64 set to manually installed.
authoring-preview	UNKNOWN STEP	2026-09-27T17:55:49.0949062Z libdbus-1-3 is already the newest version (1.14.10-4ubuntu4.1).
authoring-preview	UNKNOWN STEP	2026-09-27T17:55:49.0949587Z libdbus-1-3 set to manually installed.
authoring-preview	UNKNOWN STEP	2026-09-27T17:55:49.0950138Z libdrm2 is already the newest version (2.4.125-1ubuntu0.1~24.04.2).
authoring-preview	UNKNOWN STEP	2026-09-27T17:55:49.0950676Z libdrm2 set to manually installed.
authoring-preview	UNKNOWN STEP	2026-09-27T17:55:49.0951208Z libgbm1 is already the newest version (25.2.8-0ubuntu0.24.04.2).
authoring-preview	UNKNOWN STEP	2026-09-27T17:55:49.0951721Z libgbm1 set to manually installed.
authoring-preview	UNKNOWN STEP	2026-09-27T17:55:49.0952237Z libnspr4 is already the newest version (2:4.35-1.1build1).
authoring-preview	UNKNOWN STEP	2026-09-27T17:55:49.0952733Z libnspr4 set to manually installed.
authoring-preview	UNKNOWN STEP	2026-09-27T17:55:49.0953245Z libnss3 is already the newest version (2:3.98-1ubuntu0.2).
authoring-preview	UNKNOWN STEP	2026-09-27T17:55:49.0953673Z libnss3 set to manually installed.
authoring-preview	UNKNOWN STEP	2026-09-27T17:55:49.0954080Z libpango-1.0-0 is already the newest version (1.52.1+ds-1build1).
authoring-preview	UNKNOWN STEP	2026-09-27T17:55:49.0954501Z libpango-1.0-0 set to manually installed.
authoring-preview	UNKNOWN STEP	2026-09-27T17:55:49.0954912Z libx11-6 is already the newest version (2:1.8.7-1build1).
authoring-preview	UNKNOWN STEP	2026-09-27T17:55:49.0955286Z libx11-6 set to manually installed.
authoring-preview	UNKNOWN STEP	2026-09-27T17:55:49.0955646Z libxcb1 is already the newest version (1.15-1ubuntu2).
authoring-preview	UNKNOWN STEP	2026-09-27T17:55:49.0956003Z libxcb1 set to manually installed.
authoring-preview	UNKNOWN STEP	2026-09-27T17:55:49.0956405Z libxcomposite1 is already the newest version (1:0.4.5-1build3).
authoring-preview	UNKNOWN STEP	2026-09-27T17:55:49.0956819Z libxcomposite1 set to manually installed.
authoring-preview	UNKNOWN STEP	2026-09-27T17:55:49.0957365Z libxdamage1 is already the newest version (1:1.1.6-1build1).
authoring-preview	UNKNOWN STEP	2026-09-27T17:55:49.0957754Z libxdamage1 set to manually installed.
authoring-preview	UNKNOWN STEP	2026-09-27T17:55:49.0958139Z libxext6 is already the newest version (2:1.3.4-1build2).
authoring-preview	UNKNOWN STEP	2026-09-27T17:55:49.0958500Z libxext6 set to manually installed.
authoring-preview	UNKNOWN STEP	2026-09-27T17:55:49.0958882Z libxfixes3 is already the newest version (1:6.0.0-2build1).
authoring-preview	UNKNOWN STEP	2026-09-27T17:55:49.0959262Z libxfixes3 set to manually installed.
authoring-preview	UNKNOWN STEP	2026-09-27T17:55:49.0959662Z libxkbcommon0 is already the newest version (1.6.0-1build1).
authoring-preview	UNKNOWN STEP	2026-09-27T17:55:49.0960048Z libxkbcommon0 set to manually installed.
authoring-preview	UNKNOWN STEP	2026-09-27T17:55:49.0960446Z libxrandr2 is already the newest version (2:1.5.2-2build1).
authoring-preview	UNKNOWN STEP	2026-09-27T17:55:49.0960821Z libxrandr2 set to manually installed.
authoring-preview	UNKNOWN STEP	2026-09-27T17:55:49.0961305Z fonts-noto-color-emoji is already the newest version (2.047-0ubuntu0.24.04.1).
authoring-preview	UNKNOWN STEP	2026-09-27T17:55:49.0961869Z libfontconfig1 is already the newest version (2.15.0-1.1ubuntu2).
authoring-preview	UNKNOWN STEP	2026-09-27T17:55:49.0962281Z libfontconfig1 set to manually installed.
authoring-preview	UNKNOWN STEP	2026-09-27T17:55:49.0962721Z libfreetype6 is already the newest version (2.13.2+dfsg-1ubuntu0.1).
authoring-preview	UNKNOWN STEP	2026-09-27T17:55:49.0963149Z libfreetype6 set to manually installed.
authoring-preview	UNKNOWN STEP	2026-09-27T17:55:49.0963552Z fonts-liberation is already the newest version (1:2.1.5-3).
authoring-preview	UNKNOWN STEP	2026-09-27T17:55:49.0964323Z fonts-liberation set to manually installed.
authoring-preview	UNKNOWN STEP	2026-09-27T17:55:49.0964790Z libcairo-gobject2 is already the newest version (1.18.0-3build1).
authoring-preview	UNKNOWN STEP	2026-09-27T17:55:49.0965224Z libcairo-gobject2 set to manually installed.
authoring-preview	UNKNOWN STEP	2026-09-27T17:55:49.0965703Z libgdk-pixbuf-2.0-0 is already the newest version (2.42.10+dfsg-3ubuntu3.3).
authoring-preview	UNKNOWN STEP	2026-09-27T17:55:49.0966304Z libgdk-pixbuf-2.0-0 set to manually installed.
authoring-preview	UNKNOWN STEP	2026-09-27T17:55:49.0966744Z libgtk-3-0t64 is already the newest version (3.24.41-4ubuntu1.3).
authoring-preview	UNKNOWN STEP	2026-09-27T17:55:49.0967273Z libgtk-3-0t64 set to manually installed.
authoring-preview	UNKNOWN STEP	2026-09-27T17:55:49.0967722Z libpangocairo-1.0-0 is already the newest version (1.52.1+ds-1build1).
authoring-preview	UNKNOWN STEP	2026-09-27T17:55:49.0968173Z libpangocairo-1.0-0 set to manually installed.
authoring-preview	UNKNOWN STEP	2026-09-27T17:55:49.0968597Z libx11-xcb1 is already the newest version (2:1.8.7-1build1).
authoring-preview	UNKNOWN STEP	2026-09-27T17:55:49.0968980Z libx11-xcb1 set to manually installed.
authoring-preview	UNKNOWN STEP	2026-09-27T17:55:49.0969360Z libxcb-shm0 is already the newest version (1.15-1ubuntu2).
authoring-preview	UNKNOWN STEP	2026-09-27T17:55:49.0969740Z libxcb-shm0 set to manually installed.
authoring-preview	UNKNOWN STEP	2026-09-27T17:55:49.0970134Z libxcursor1 is already the newest version (1:1.2.1-1build1).
authoring-preview	UNKNOWN STEP	2026-09-27T17:55:49.0970511Z libxcursor1 set to manually installed.
authoring-preview	UNKNOWN STEP	2026-09-27T17:55:49.0970878Z libxi6 is already the newest version (2:1.8.1-1build1).
authoring-preview	UNKNOWN STEP	2026-09-27T17:55:49.0971233Z libxi6 set to manually installed.
authoring-preview	UNKNOWN STEP	2026-09-27T17:55:49.0971655Z libxrender1 is already the newest version (1:0.9.10-1.1build1).
authoring-preview	UNKNOWN STEP	2026-09-27T17:55:49.0972109Z libxrender1 set to manually installed.
authoring-preview	UNKNOWN STEP	2026-09-27T17:55:49.0972483Z libicu74 is already the newest version (74.2-1ubuntu3.1).
authoring-preview	UNKNOWN STEP	2026-09-27T17:55:49.0972978Z libatomic1 is already the newest version (14.2.0-4ubuntu2~24.04.1).
authoring-preview	UNKNOWN STEP	2026-09-27T17:55:49.0973383Z libatomic1 set to manually installed.
authoring-preview	UNKNOWN STEP	2026-09-27T17:55:49.0973781Z libenchant-2-2 is already the newest version (2.3.3-2build2).
authoring-preview	UNKNOWN STEP	2026-09-27T17:55:49.0974178Z libenchant-2-2 set to manually installed.
authoring-preview	UNKNOWN STEP	2026-09-27T17:55:49.0974570Z libepoxy0 is already the newest version (1.5.10-1build1).
authoring-preview	UNKNOWN STEP	2026-09-27T17:55:49.0974946Z libepoxy0 set to manually installed.
authoring-preview	UNKNOWN STEP	2026-09-27T17:55:49.0975377Z libgstreamer1.0-0 is already the newest version (1.24.2-1ubuntu0.1).
authoring-preview	UNKNOWN STEP	2026-09-27T17:55:49.0975811Z libgstreamer1.0-0 set to manually installed.
authoring-preview	UNKNOWN STEP	2026-09-27T17:55:49.0976227Z libharfbuzz0b is already the newest version (8.3.0-2build2).
authoring-preview	UNKNOWN STEP	2026-09-27T17:55:49.0976624Z libharfbuzz0b set to manually installed.
authoring-preview	UNKNOWN STEP	2026-09-27T17:55:49.0977040Z libjpeg-turbo8 is already the newest version (2.1.5-2ubuntu2).
authoring-preview	UNKNOWN STEP	2026-09-27T17:55:49.0977568Z libjpeg-turbo8 set to manually installed.
authoring-preview	UNKNOWN STEP	2026-09-27T17:55:49.2357004Z liblcms2-2 is already the newest version (2.14-2ubuntu0.1).
authoring-preview	UNKNOWN STEP	2026-09-27T17:55:49.2360732Z liblcms2-2 set to manually installed.
authoring-preview	UNKNOWN STEP	2026-09-27T17:55:49.2361875Z libpng16-16t64 is already the newest version (1.6.43-5ubuntu0.6).
authoring-preview	UNKNOWN STEP	2026-09-27T17:55:49.2365657Z libpng16-16t64 set to manually installed.
authoring-preview	UNKNOWN STEP	2026-09-27T17:55:49.2366241Z libwayland-client0 is already the newest version (1.22.0-2.1build1).
authoring-preview	UNKNOWN STEP	2026-09-27T17:55:49.2366803Z libwayland-client0 set to manually installed.
authoring-preview	UNKNOWN STEP	2026-09-27T17:55:49.2367737Z libwayland-egl1 is already the newest version (1.22.0-2.1build1).
authoring-preview	UNKNOWN STEP	2026-09-27T17:55:49.2368557Z libwayland-egl1 set to manually installed.
authoring-preview	UNKNOWN STEP	2026-09-27T17:55:49.2369311Z libwebp7 is already the newest version (1.3.2-0.4build3).
authoring-preview	UNKNOWN STEP	2026-09-27T17:55:49.2369999Z libwebp7 set to manually installed.
authoring-preview	UNKNOWN STEP	2026-09-27T17:55:49.2370767Z libwebpdemux2 is already the newest version (1.3.2-0.4build3).
authoring-preview	UNKNOWN STEP	2026-09-27T17:55:49.2371536Z libwebpdemux2 set to manually installed.
authoring-preview	UNKNOWN STEP	2026-09-27T17:55:49.2372379Z libxslt1.1 is already the newest version (1.1.39-0exp1ubuntu0.24.04.3).
authoring-preview	UNKNOWN STEP	2026-09-27T17:55:49.2372893Z libxslt1.1 set to manually installed.
authoring-preview	UNKNOWN STEP	2026-09-27T17:55:49.2373348Z The following additional packages will be installed:
authoring-preview	UNKNOWN STEP	2026-09-27T17:55:49.2373853Z   gir1.2-glib-2.0 glib-networking glib-networking-common
authoring-preview	UNKNOWN STEP	2026-09-27T17:55:49.2374482Z   glib-networking-services gsettings-desktop-schemas libaa1 libabsl20220623t64
authoring-preview	UNKNOWN STEP	2026-09-27T17:55:49.2375371Z   libass9 libasyncns0 libavc1394-0 libavfilter9 libavformat60 libavtp0
authoring-preview	UNKNOWN STEP	2026-09-27T17:55:49.2376261Z   libavutil58 libblas3 libbluray2 libbs2b0 libcaca0
authoring-preview	UNKNOWN STEP	2026-09-27T17:55:49.2376761Z   libcairo-script-interpreter2 libcdparanoia0 libchromaprint1 libcjson1
authoring-preview	UNKNOWN STEP	2026-09-27T17:55:49.2377712Z   libcodec2-1.2 libdav1d7 libdc1394-25 libdca0 libde265-0 libdecor-0-0
authoring-preview	UNKNOWN STEP	2026-09-27T17:55:49.2378677Z   libdirectfb-1.7-7t64 libdv4t64 libdvdnav4 libdvdread8t64 libegl-mesa0
authoring-preview	UNKNOWN STEP	2026-09-27T17:55:49.2379875Z   libegl1 libfaad2 libflac12t64 libfluidsynth3 libfreeaptx0 libgav1-1
authoring-preview	UNKNOWN STEP	2026-09-27T17:55:49.2380705Z   libglib2.0-bin libglib2.0-data libgme0 libgraphene-1.0-0 libgsm1
authoring-preview	UNKNOWN STEP	2026-09-27T17:55:49.2381254Z   libgssdp-1.6-0 libgstreamer-plugins-good1.0-0 libgtk-4-common libgupnp-1.6-0
authoring-preview	UNKNOWN STEP	2026-09-27T17:55:49.2381788Z   libgupnp-igd-1.6-0 libhwy1t64 libiec61883-0 libimath-3-1-29t64
authoring-preview	UNKNOWN STEP	2026-09-27T17:55:49.2382272Z   libinstpatch-1.0-2 libjack-jackd2-0 libjxl0.7 liblapack3 liblc3-1
authoring-preview	UNKNOWN STEP	2026-09-27T17:55:49.2382789Z   libldacbt-enc2 liblilv-0-0 liblrdf0 libltc11 libmbedcrypto7t64 libmfx1
authoring-preview	UNKNOWN STEP	2026-09-27T17:55:49.2383280Z   libmjpegutils-2.1-0t64 libmodplug1 libmp3lame0 libmpcdec6
authoring-preview	UNKNOWN STEP	2026-09-27T17:55:49.2383761Z   libmpeg2encpp-2.1-0t64 libmpg123-0t64 libmplex2-2.1-0t64 libmysofa1
authoring-preview	UNKNOWN STEP	2026-09-27T17:55:49.2384265Z   libneon27t64 libnice10 libopenal-data libopenal1 libopenexr-3-1-30
authoring-preview	UNKNOWN STEP	2026-09-27T17:55:49.2384822Z   libopenh264-7 libopenmpt0t64 libopenni2-0 liborc-0.4-0t64
authoring-preview	UNKNOWN STEP	2026-09-27T17:55:49.2385313Z   libpipewire-0.3-0t64 libplacebo338 libpocketsphinx3 libpostproc57
authoring-preview	UNKNOWN STEP	2026-09-27T17:55:49.2385822Z   libproxy1v5 libpulse0 libqrencode4 libraptor2-0 librav1e0 libraw1394-11
authoring-preview	UNKNOWN STEP	2026-09-27T17:55:49.2386352Z   librist4 librsvg2-2 librubberband2 libsamplerate0 libsbc1 libsdl2-2.0-0
authoring-preview	UNKNOWN STEP	2026-09-27T17:55:49.2386883Z   libsecret-common libserd-0-0 libshine3 libshout3 libsndfile1 libsndio7.0
authoring-preview	UNKNOWN STEP	2026-09-27T17:55:49.2387797Z   libsord-0-0 libsoundtouch1 libsoup-3.0-0 libsoup-3.0-common libsoxr0
authoring-preview	UNKNOWN STEP	2026-09-27T17:55:49.2388466Z   libspa-0.2-modules libspandsp2t64 libspeex1 libsphinxbase3t64 libsratom-0-0
authoring-preview	UNKNOWN STEP	2026-09-27T17:55:49.2389051Z   libsrt1.5-gnutls libsrtp2-1 libssh-gcrypt-4 libsvtav1enc1d1 libswresample4
authoring-preview	UNKNOWN STEP	2026-09-27T17:55:49.2389616Z   libswscale7 libtag1v5 libtag1v5-vanilla libtheora0 libtwolame0 libudfread0
authoring-preview	UNKNOWN STEP	2026-09-27T17:55:49.2390154Z   libunibreak5 libv4l-0t64 libv4lconvert0t64 libva-drm2 libva-x11-2 libva2
authoring-preview	UNKNOWN STEP	2026-09-27T17:55:49.2390679Z   libvdpau1 libvidstab1.1 libvisual-0.4-0 libvo-aacenc0 libvo-amrwbenc0
authoring-preview	UNKNOWN STEP	2026-09-27T17:55:49.2391232Z   libvorbisenc2 libvpl2 libwavpack1 libwebrtc-audio-processing1 libwildmidi2
authoring-preview	UNKNOWN STEP	2026-09-27T17:55:49.2391789Z   libx265-199 libxcb-xkb1 libxkbcommon-x11-0 libxml2-dev libxvidcore4 libyuv0
authoring-preview	UNKNOWN STEP	2026-09-27T17:55:49.2392332Z   libzbar0t64 libzimg2 libzix-0-0 libzvbi-common libzvbi0t64 libzxing3
authoring-preview	UNKNOWN STEP	2026-09-27T17:55:49.2392864Z   ocl-icd-libopencl1 session-migration timgm6mb-soundfont xfonts-encodings
authoring-preview	UNKNOWN STEP	2026-09-27T17:55:49.2393290Z   xfonts-utils xserver-common
authoring-preview	UNKNOWN STEP	2026-09-27T17:55:49.2393560Z Suggested packages:
authoring-preview	UNKNOWN STEP	2026-09-27T17:55:49.2393942Z   frei0r-plugins gvfs libcuda1 libnvcuvid1 libnvidia-encode1 libbluray-bdj
authoring-preview	UNKNOWN STEP	2026-09-27T17:55:49.2394482Z   libdirectfb-extra libdv-bin oss-compat libdvdcss2 low-memory-monitor
authoring-preview	UNKNOWN STEP	2026-09-27T17:55:49.2395034Z   libvisual-0.4-plugins jackd2 liblrdf0-dev libportaudio2 opus-tools pipewire
authoring-preview	UNKNOWN STEP	2026-09-27T17:55:49.2395589Z   pulseaudio raptor2-utils libraw1394-doc librsvg2-bin serdi sndiod sordi
authoring-preview	UNKNOWN STEP	2026-09-27T17:55:49.2396066Z   speex libwildmidi-config opencl-icd fluid-soundfont-gm
authoring-preview	UNKNOWN STEP	2026-09-27T17:55:49.2396417Z Recommended packages:
authoring-preview	UNKNOWN STEP	2026-09-27T17:55:49.2396757Z   fonts-ipafont-mincho fonts-tlwg-loma gstreamer1.0-x libaacs0
authoring-preview	UNKNOWN STEP	2026-09-27T17:55:49.2397491Z   default-libdecor-0-plugin-1 | libdecor-0-plugin-1 gstreamer1.0-gl
authoring-preview	UNKNOWN STEP	2026-09-27T17:55:49.2398070Z   libgtk-4-bin librsvg2-common libgtk-4-media-gstreamer libpipewire-0.3-common
authoring-preview	UNKNOWN STEP	2026-09-27T17:55:49.2398648Z   pocketsphinx-en-us va-driver-all | va-driver vdpau-driver-all | vdpau-driver
authoring-preview	UNKNOWN STEP	2026-09-27T17:55:49.2399094Z   libmagickcore-6.q16-7-extra xfonts-base
authoring-preview	UNKNOWN STEP	2026-09-27T17:55:49.3038666Z The following NEW packages will be installed:
authoring-preview	UNKNOWN STEP	2026-09-27T17:55:49.3039785Z   fonts-freefont-ttf fonts-ipafont-gothic fonts-tlwg-loma-otf fonts-unifont
authoring-preview	UNKNOWN STEP	2026-09-27T17:55:49.3041305Z   fonts-wqy-zenhei glib-networking glib-networking-common
authoring-preview	UNKNOWN STEP	2026-09-27T17:55:49.3042395Z   glib-networking-services gsettings-desktop-schemas gstreamer1.0-libav
authoring-preview	UNKNOWN STEP	2026-09-27T17:55:49.3043384Z   gstreamer1.0-plugins-bad gstreamer1.0-plugins-base gstreamer1.0-plugins-good
authoring-preview	UNKNOWN STEP	2026-09-27T17:55:49.3044297Z   libaa1 libabsl20220623t64 libass9 libasyncns0 libavc1394-0 libavcodec60
authoring-preview	UNKNOWN STEP	2026-09-27T17:55:49.3044956Z   libavfilter9 libavformat60 libavif16 libavtp0 libavutil58 libblas3
authoring-preview	UNKNOWN STEP	2026-09-27T17:55:49.3045633Z   libbluray2 libbs2b0 libcaca0 libcairo-script-interpreter2 libcdparanoia0
authoring-preview	UNKNOWN STEP	2026-09-27T17:55:49.3046314Z   libchromaprint1 libcjson1 libcodec2-1.2 libdav1d7 libdc1394-25 libdca0
authoring-preview	UNKNOWN STEP	2026-09-27T17:55:49.3046981Z   libde265-0 libdecor-0-0 libdirectfb-1.7-7t64 libdv4t64 libdvdnav4
authoring-preview	UNKNOWN STEP	2026-09-27T17:55:49.3048150Z   libdvdread8t64 libegl-mesa0 libegl1 libevent-2.1-7t64 libfaad2 libflac12t64
authoring-preview	UNKNOWN STEP	2026-09-27T17:55:49.3048768Z   libflite1 libfluidsynth3 libfreeaptx0 libgav1-1 libgles2 libgme0
authoring-preview	UNKNOWN STEP	2026-09-27T17:55:49.3049321Z   libgraphene-1.0-0 libgsm1 libgssdp-1.6-0 libgstreamer-gl1.0-0
authoring-preview	UNKNOWN STEP	2026-09-27T17:55:49.3049859Z   libgstreamer-plugins-bad1.0-0 libgstreamer-plugins-base1.0-0
authoring-preview	UNKNOWN STEP	2026-09-27T17:55:49.3050446Z   libgstreamer-plugins-good1.0-0 libgtk-4-1 libgtk-4-common libgupnp-1.6-0
authoring-preview	UNKNOWN STEP	2026-09-27T17:55:49.3051057Z   libgupnp-igd-1.6-0 libharfbuzz-icu0 libhwy1t64 libhyphen0 libiec61883-0
authoring-preview	UNKNOWN STEP	2026-09-27T17:55:49.3051706Z   libimath-3-1-29t64 libinstpatch-1.0-2 libjack-jackd2-0 libjxl0.7 liblapack3
authoring-preview	UNKNOWN STEP	2026-09-27T17:55:49.3052315Z   liblc3-1 libldacbt-enc2 liblilv-0-0 liblrdf0 libltc11 libmanette-0.2-0
authoring-preview	UNKNOWN STEP	2026-09-27T17:55:49.3052924Z   libmbedcrypto7t64 libmfx1 libmjpegutils-2.1-0t64 libmodplug1 libmp3lame0
authoring-preview	UNKNOWN STEP	2026-09-27T17:55:49.3053525Z   libmpcdec6 libmpeg2encpp-2.1-0t64 libmpg123-0t64 libmplex2-2.1-0t64
authoring-preview	UNKNOWN STEP	2026-09-27T17:55:49.3054060Z   libmysofa1 libneon27t64 libnice10 libopenal-data libopenal1
authoring-preview	UNKNOWN STEP	2026-09-27T17:55:49.3054610Z   libopenexr-3-1-30 libopenh264-7 libopenmpt0t64 libopenni2-0 libopus0
authoring-preview	UNKNOWN STEP	2026-09-27T17:55:49.3055186Z   liborc-0.4-0t64 libpipewire-0.3-0t64 libplacebo338 libpocketsphinx3
authoring-preview	UNKNOWN STEP	2026-09-27T17:55:49.3055793Z   libpostproc57 libproxy1v5 libpulse0 libqrencode4 libraptor2-0 librav1e0
authoring-preview	UNKNOWN STEP	2026-09-27T17:55:49.3056394Z   libraw1394-11 librist4 librsvg2-2 librubberband2 libsamplerate0 libsbc1
authoring-preview	UNKNOWN STEP	2026-09-27T17:55:49.3057007Z   libsdl2-2.0-0 libsecret-1-0 libsecret-common libserd-0-0 libshine3 libshout3
authoring-preview	UNKNOWN STEP	2026-09-27T17:55:49.3057815Z   libsndfile1 libsndio7.0 libsord-0-0 libsoundtouch1 libsoup-3.0-0
authoring-preview	UNKNOWN STEP	2026-09-27T17:55:49.3058321Z   libsoup-3.0-common libsoxr0 libspa-0.2-modules libspandsp2t64 libspeex1
authoring-preview	UNKNOWN STEP	2026-09-27T17:55:49.3058861Z   libsphinxbase3t64 libsratom-0-0 libsrt1.5-gnutls libsrtp2-1 libssh-gcrypt-4
authoring-preview	UNKNOWN STEP	2026-09-27T17:55:49.3059404Z   libsvtav1enc1d1 libswresample4 libswscale7 libtag1v5 libtag1v5-vanilla
authoring-preview	UNKNOWN STEP	2026-09-27T17:55:49.3059892Z   libtheora0 libtwolame0 libudfread0 libunibreak5 libv4l-0t64
authoring-preview	UNKNOWN STEP	2026-09-27T17:55:49.3060375Z   libv4lconvert0t64 libva-drm2 libva-x11-2 libva2 libvdpau1 libvidstab1.1
authoring-preview	UNKNOWN STEP	2026-09-27T17:55:49.3060923Z   libvisual-0.4-0 libvo-aacenc0 libvo-amrwbenc0 libvorbisenc2 libvpl2 libvpx9
authoring-preview	UNKNOWN STEP	2026-09-27T17:55:49.3061486Z   libwavpack1 libwayland-server0 libwebrtc-audio-processing1 libwildmidi2
authoring-preview	UNKNOWN STEP	2026-09-27T17:55:49.3062037Z   libwoff1 libx264-164 libx265-199 libxcb-xkb1 libxkbcommon-x11-0 libxvidcore4
authoring-preview	UNKNOWN STEP	2026-09-27T17:55:49.3062597Z   libyuv0 libzbar0t64 libzimg2 libzix-0-0 libzvbi-common libzvbi0t64 libzxing3
authoring-preview	UNKNOWN STEP	2026-09-27T17:55:49.3063160Z   ocl-icd-libopencl1 session-migration timgm6mb-soundfont xfonts-cyrillic
authoring-preview	UNKNOWN STEP	2026-09-27T17:55:49.3068325Z   xfonts-encodings xfonts-scalable xfonts-utils
authoring-preview	UNKNOWN STEP	2026-09-27T17:55:49.3068990Z The following packages will be upgraded:
authoring-preview	UNKNOWN STEP	2026-09-27T17:55:49.3069718Z   gir1.2-glib-2.0 libglib2.0-0t64 libglib2.0-bin libglib2.0-data libxml2
authoring-preview	UNKNOWN STEP	2026-09-27T17:55:49.3070422Z   libxml2-dev xserver-common xvfb
authoring-preview	UNKNOWN STEP	2026-09-27T17:55:49.3278920Z 8 upgraded, 181 newly installed, 0 to remove and 24 not upgraded.
authoring-preview	UNKNOWN STEP	2026-09-27T17:55:49.3279672Z Need to get 118 MB of archives.
authoring-preview	UNKNOWN STEP	2026-09-27T17:55:49.3280702Z After this operation, 364 MB of additional disk space will be used.
authoring-preview	UNKNOWN STEP	2026-09-27T17:55:49.3281544Z Get:1 file:/etc/apt/apt-mirrors.txt Mirrorlist [144 B]
authoring-preview	UNKNOWN STEP	2026-09-27T17:55:49.3537938Z Get:2 http://azure.archive.ubuntu.com/ubuntu noble/universe amd64 fonts-ipafont-gothic all 00303-21ubuntu1 [3513 kB]
authoring-preview	UNKNOWN STEP	2026-09-27T17:55:49.4381958Z Get:3 http://azure.archive.ubuntu.com/ubuntu noble-updates/main amd64 libglib2.0-data all 2.80.0-6ubuntu3.9 [50.1 kB]
authoring-preview	UNKNOWN STEP	2026-09-27T17:55:49.4472049Z Get:4 http://azure.archive.ubuntu.com/ubuntu noble-updates/main amd64 libglib2.0-bin amd64 2.80.0-6ubuntu3.9 [97.9 kB]
authoring-preview	UNKNOWN STEP	2026-09-27T17:55:49.4574416Z Get:5 http://azure.archive.ubuntu.com/ubuntu noble-updates/main amd64 gir1.2-glib-2.0 amd64 2.80.0-6ubuntu3.9 [183 kB]
authoring-preview	UNKNOWN STEP	2026-09-27T17:55:49.4697834Z Get:6 http://azure.archive.ubuntu.com/ubuntu noble-updates/main amd64 libglib2.0-0t64 amd64 2.80.0-6ubuntu3.9 [1547 kB]
authoring-preview	UNKNOWN STEP	2026-09-27T17:55:49.5154728Z Get:7 http://azure.archive.ubuntu.com/ubuntu noble-updates/main amd64 libxml2-dev amd64 2.9.14+dfsg-1.3ubuntu3.9 [781 kB]
authoring-preview	UNKNOWN STEP	2026-09-27T17:55:49.5503585Z Get:8 http://azure.archive.ubuntu.com/ubuntu noble-updates/main amd64 libxml2 amd64 2.9.14+dfsg-1.3ubuntu3.9 [765 kB]
authoring-preview	UNKNOWN STEP	2026-09-27T17:55:49.5796291Z Get:9 http://azure.archive.ubuntu.com/ubuntu noble/main amd64 fonts-freefont-ttf all 20211204+svn4273-2 [5641 kB]
authoring-preview	UNKNOWN STEP	2026-09-27T17:55:49.7090535Z Get:10 http://azure.archive.ubuntu.com/ubuntu noble/universe amd64 fonts-tlwg-loma-otf all 1:0.7.3-1 [107 kB]
authoring-preview	UNKNOWN STEP	2026-09-27T17:55:49.7191275Z Get:11 http://azure.archive.ubuntu.com/ubuntu noble/universe amd64 fonts-unifont all 1:15.1.01-1build1 [2993 kB]
authoring-preview	UNKNOWN STEP	2026-09-27T17:55:49.8032825Z Get:12 http://azure.archive.ubuntu.com/ubuntu noble/universe amd64 fonts-wqy-zenhei all 0.9.45-8 [7472 kB]
authoring-preview	UNKNOWN STEP	2026-09-27T17:55:50.0685699Z Get:13 http://azure.archive.ubuntu.com/ubuntu noble/main amd64 libproxy1v5 amd64 0.5.4-4build1 [26.5 kB]
authoring-preview	UNKNOWN STEP	2026-09-27T17:55:50.0761017Z Get:14 http://azure.archive.ubuntu.com/ubuntu noble/main amd64 glib-networking-common all 2.80.0-1build1 [6702 B]
authoring-preview	UNKNOWN STEP	2026-09-27T17:55:50.0836246Z Get:15 http://azure.archive.ubuntu.com/ubuntu noble/main amd64 glib-networking-services amd64 2.80.0-1build1 [12.8 kB]
authoring-preview	UNKNOWN STEP	2026-09-27T17:55:50.0918897Z Get:16 http://azure.archive.ubuntu.com/ubuntu noble/main amd64 session-migration amd64 0.3.9build1 [9034 B]
authoring-preview	UNKNOWN STEP	2026-09-27T17:55:50.0994665Z Get:17 http://azure.archive.ubuntu.com/ubuntu noble-updates/main amd64 gsettings-desktop-schemas all 46.1-0ubuntu1 [35.6 kB]
authoring-preview	UNKNOWN STEP	2026-09-27T17:55:50.1081282Z Get:18 http://azure.archive.ubuntu.com/ubuntu noble/main amd64 glib-networking amd64 2.80.0-1build1 [64.1 kB]
authoring-preview	UNKNOWN STEP	2026-09-27T17:55:50.1173707Z Get:19 http://azure.archive.ubuntu.com/ubuntu noble-updates/universe amd64 libva2 amd64 2.20.0-2ubuntu0.2 [66.4 kB]
authoring-preview	UNKNOWN STEP	2026-09-27T17:55:50.1741299Z Get:20 http://azure.archive.ubuntu.com/ubuntu noble-updates/universe amd64 libva-drm2 amd64 2.20.0-2ubuntu0.2 [7124 B]
authoring-preview	UNKNOWN STEP	2026-09-27T17:55:50.1824591Z Get:21 http://azure.archive.ubuntu.com/ubuntu noble-updates/universe amd64 libva-x11-2 amd64 2.20.0-2ubuntu0.2 [12.0 kB]
authoring-preview	UNKNOWN STEP	2026-09-27T17:55:50.1970686Z Get:22 http://azure.archive.ubuntu.com/ubuntu noble/main amd64 libvdpau1 amd64 1.5-2build1 [27.8 kB]
authoring-preview	UNKNOWN STEP	2026-09-27T17:55:50.2051183Z Get:23 http://azure.archive.ubuntu.com/ubuntu noble/universe amd64 libvpl2 amd64 2023.3.0-1build1 [99.8 kB]
authoring-preview	UNKNOWN STEP	2026-09-27T17:55:50.2164612Z Get:24 http://azure.archive.ubuntu.com/ubuntu noble/universe amd64 ocl-icd-libopencl1 amd64 2.3.2-1build1 [38.5 kB]
authoring-preview	UNKNOWN STEP	2026-09-27T17:55:50.2263252Z Get:25 http://azure.archive.ubuntu.com/ubuntu noble/universe amd64 libavutil58 amd64 7:6.1.1-3ubuntu5 [401 kB]
authoring-preview	UNKNOWN STEP	2026-09-27T17:55:50.2542476Z Get:26 http://azure.archive.ubuntu.com/ubuntu noble/universe amd64 libcodec2-1.2 amd64 1.2.0-2build1 [8998 kB]
authoring-preview	UNKNOWN STEP	2026-09-27T17:55:50.5243579Z Get:27 http://azure.archive.ubuntu.com/ubuntu noble/universe amd64 libdav1d7 amd64 1.4.1-1build1 [604 kB]
authoring-preview	UNKNOWN STEP	2026-09-27T17:55:50.5454730Z Get:28 http://azure.archive.ubuntu.com/ubuntu noble/universe amd64 libgsm1 amd64 1.0.22-1build1 [27.8 kB]
authoring-preview	UNKNOWN STEP	2026-09-27T17:55:50.5535011Z Get:29 http://azure.archive.ubuntu.com/ubuntu noble/universe amd64 libhwy1t64 amd64 1.0.7-8.1build1 [584 kB]
authoring-preview	UNKNOWN STEP	2026-09-27T17:55:50.5724564Z Get:30 http://azure.archive.ubuntu.com/ubuntu noble-updates/universe amd64 libjxl0.7 amd64 0.7.0-10.2ubuntu6.1 [1001 kB]
authoring-preview	UNKNOWN STEP	2026-09-27T17:55:50.5992764Z Get:31 http://azure.archive.ubuntu.com/ubuntu noble/main amd64 libmp3lame0 amd64 3.100-6build1 [142 kB]
authoring-preview	UNKNOWN STEP	2026-09-27T17:55:50.6111999Z Get:32 http://azure.archive.ubuntu.com/ubuntu noble/main amd64 libopus0 amd64 1.4-1build1 [208 kB]
authoring-preview	UNKNOWN STEP	2026-09-27T17:55:50.6239194Z Get:33 http://azure.archive.ubuntu.com/ubuntu noble/universe amd64 librav1e0 amd64 0.7.1-2 [1022 kB]
authoring-preview	UNKNOWN STEP	2026-09-27T17:55:50.6565859Z Get:34 http://azure.archive.ubuntu.com/ubuntu noble/main amd64 librsvg2-2 amd64 2.58.0+dfsg-1build1 [2135 kB]
authoring-preview	UNKNOWN STEP	2026-09-27T17:55:50.6961537Z Get:35 http://azure.archive.ubuntu.com/ubuntu noble/universe amd64 libshine3 amd64 3.1.1-2build1 [23.2 kB]
authoring-preview	UNKNOWN STEP	2026-09-27T17:55:50.7035746Z Get:36 http://azure.archive.ubuntu.com/ubuntu noble-updates/main amd64 libspeex1 amd64 1.2.1-2ubuntu2.24.04.1 [59.6 kB]
authoring-preview	UNKNOWN STEP	2026-09-27T17:55:50.7113251Z Get:37 http://azure.archive.ubuntu.com/ubuntu noble/universe amd64 libsvtav1enc1d1 amd64 1.7.0+dfsg-2build1 [2425 kB]
authoring-preview	UNKNOWN STEP	2026-09-27T17:55:50.7554521Z Get:38 http://azure.archive.ubuntu.com/ubuntu noble/universe amd64 libsoxr0 amd64 0.1.3-4build3 [80.0 kB]
authoring-preview	UNKNOWN STEP	2026-09-27T17:55:50.8064181Z Get:39 http://azure.archive.ubuntu.com/ubuntu noble/universe amd64 libswresample4 amd64 7:6.1.1-3ubuntu5 [63.8 kB]
authoring-preview	UNKNOWN STEP	2026-09-27T17:55:50.8155607Z Get:40 http://azure.archive.ubuntu.com/ubuntu noble/main amd64 libtheora0 amd64 1.1.1+dfsg.1-16.1build3 [211 kB]
authoring-preview	UNKNOWN STEP	2026-09-27T17:55:50.8265041Z Get:41 http://azure.archive.ubuntu.com/ubuntu noble/main amd64 libtwolame0 amd64 0.4.0-2build3 [52.3 kB]
authoring-preview	UNKNOWN STEP	2026-09-27T17:55:50.8345868Z Get:42 http://azure.archive.ubuntu.com/ubuntu noble/main amd64 libvorbisenc2 amd64 1.3.7-1build3 [80.8 kB]
authoring-preview	UNKNOWN STEP	2026-09-27T17:55:50.8442087Z Get:43 http://azure.archive.ubuntu.com/ubuntu noble-updates/main amd64 libvpx9 amd64 1.14.0-1ubuntu2.3 [1143 kB]
authoring-preview	UNKNOWN STEP	2026-09-27T17:55:50.8710804Z Get:44 http://azure.archive.ubuntu.com/ubuntu noble/universe amd64 libx264-164 amd64 2:0.164.3108+git31e19f9-1 [604 kB]
authoring-preview	UNKNOWN STEP	2026-09-27T17:55:50.8878668Z Get:45 http://azure.archive.ubuntu.com/ubuntu noble/universe amd64 libx265-199 amd64 3.5-2build1 [1226 kB]
authoring-preview	UNKNOWN STEP	2026-09-27T17:55:50.9174756Z Get:46 http://azure.archive.ubuntu.com/ubuntu noble/universe amd64 libxvidcore4 amd64 2:1.3.7-1build1 [219 kB]
authoring-preview	UNKNOWN STEP	2026-09-27T17:55:50.9289286Z Get:47 http://azure.archive.ubuntu.com/ubuntu noble/universe amd64 libzvbi-common all 0.2.42-2 [42.4 kB]
authoring-preview	UNKNOWN STEP	2026-09-27T17:55:50.9365443Z Get:48 http://azure.archive.ubuntu.com/ubuntu noble/universe amd64 libzvbi0t64 amd64 0.2.42-2 [261 kB]
authoring-preview	UNKNOWN STEP	2026-09-27T17:55:50.9485858Z Get:49 http://azure.archive.ubuntu.com/ubuntu noble/universe amd64 libavcodec60 amd64 7:6.1.1-3ubuntu5 [5851 kB]
authoring-preview	UNKNOWN STEP	2026-09-27T17:55:51.0497067Z Get:50 http://azure.archive.ubuntu.com/ubuntu noble/universe amd64 libunibreak5 amd64 5.1-2build1 [25.0 kB]
authoring-preview	UNKNOWN STEP	2026-09-27T17:55:51.0569433Z Get:51 http://azure.archive.ubuntu.com/ubuntu noble/universe amd64 libass9 amd64 1:0.17.1-2build1 [104 kB]
authoring-preview	UNKNOWN STEP	2026-09-27T17:55:51.0650715Z Get:52 http://azure.archive.ubuntu.com/ubuntu noble/universe amd64 libudfread0 amd64 1.1.2-1build1 [19.0 kB]
authoring-preview	UNKNOWN STEP	2026-09-27T17:55:51.0724448Z Get:53 http://azure.archive.ubuntu.com/ubuntu noble/universe amd64 libbluray2 amd64 1:1.3.4-1build1 [159 kB]
authoring-preview	UNKNOWN STEP	2026-09-27T17:55:51.0813243Z Get:54 http://azure.archive.ubuntu.com/ubuntu noble/universe amd64 libchromaprint1 amd64 1.5.1-5 [30.5 kB]
authoring-preview	UNKNOWN STEP	2026-09-27T17:55:51.0894224Z Get:55 http://azure.archive.ubuntu.com/ubuntu noble/universe amd64 libgme0 amd64 0.6.3-7build1 [134 kB]
authoring-preview	UNKNOWN STEP	2026-09-27T17:55:51.0979784Z Get:56 http://azure.archive.ubuntu.com/ubuntu noble-updates/main amd64 libmpg123-0t64 amd64 1.32.5-1ubuntu1.1 [169 kB]
authoring-preview	UNKNOWN STEP	2026-09-27T17:55:51.1069110Z Get:57 http://azure.archive.ubuntu.com/ubuntu noble/universe amd64 libopenmpt0t64 amd64 0.7.3-1.1build3 [647 kB]
authoring-preview	UNKNOWN STEP	2026-09-27T17:55:51.1662373Z Get:58 http://azure.archive.ubuntu.com/ubuntu noble/universe amd64 libcjson1 amd64 1.7.17-1 [24.8 kB]
authoring-preview	UNKNOWN STEP	2026-09-27T17:55:51.1735456Z Get:59 http://azure.archive.ubuntu.com/ubuntu noble/universe amd64 libmbedcrypto7t64 amd64 2.28.8-1 [209 kB]
authoring-preview	UNKNOWN STEP	2026-09-27T17:55:51.1828801Z Get:60 http://azure.archive.ubuntu.com/ubuntu noble/universe amd64 librist4 amd64 0.2.10+dfsg-2 [74.9 kB]
authoring-preview	UNKNOWN STEP	2026-09-27T17:55:51.1908207Z Get:61 http://azure.archive.ubuntu.com/ubuntu noble/universe amd64 libsrt1.5-gnutls amd64 1.5.3-1build2 [316 kB]
authoring-preview	UNKNOWN STEP	2026-09-27T17:55:51.2010693Z Get:62 http://azure.archive.ubuntu.com/ubuntu noble-updates/main amd64 libssh-gcrypt-4 amd64 0.10.6-2ubuntu0.5 [226 kB]
authoring-preview	UNKNOWN STEP	2026-09-27T17:55:51.2103800Z Get:63 http://azure.archive.ubuntu.com/ubuntu noble/universe amd64 libavformat60 amd64 7:6.1.1-3ubuntu5 [1153 kB]
authoring-preview	UNKNOWN STEP	2026-09-27T17:55:51.2302686Z Get:64 http://azure.archive.ubuntu.com/ubuntu noble/universe amd64 libbs2b0 amd64 3.1.0+dfsg-7build1 [10.6 kB]
authoring-preview	UNKNOWN STEP	2026-09-27T17:55:51.2378436Z Get:65 http://azure.archive.ubuntu.com/ubuntu noble/universe amd64 libflite1 amd64 2.2-6build3 [13.6 MB]
authoring-preview	UNKNOWN STEP	2026-09-27T17:55:51.4098240Z Get:66 http://azure.archive.ubuntu.com/ubuntu noble/universe amd64 libserd-0-0 amd64 0.32.2-1 [43.6 kB]
authoring-preview	UNKNOWN STEP	2026-09-27T17:55:51.4172302Z Get:67 http://azure.archive.ubuntu.com/ubuntu noble/universe amd64 libzix-0-0 amd64 0.4.2-2build1 [23.6 kB]
authoring-preview	UNKNOWN STEP	2026-09-27T17:55:51.4244621Z Get:68 http://azure.archive.ubuntu.com/ubuntu noble/universe amd64 libsord-0-0 amd64 0.16.16-2build1 [15.8 kB]
authoring-preview	UNKNOWN STEP	2026-09-27T17:55:51.4317608Z Get:69 http://azure.archive.ubuntu.com/ubuntu noble/universe amd64 libsratom-0-0 amd64 0.6.16-1build1 [17.3 kB]
authoring-preview	UNKNOWN STEP	2026-09-27T17:55:51.4390549Z Get:70 http://azure.archive.ubuntu.com/ubuntu noble/universe amd64 liblilv-0-0 amd64 0.24.22-1build1 [41.0 kB]
authoring-preview	UNKNOWN STEP	2026-09-27T17:55:51.4467680Z Get:71 http://azure.archive.ubuntu.com/ubuntu noble/universe amd64 libmysofa1 amd64 1.3.2+dfsg-2ubuntu2 [1158 kB]
authoring-preview	UNKNOWN STEP	2026-09-27T17:55:51.4683048Z Get:72 http://azure.archive.ubuntu.com/ubuntu noble/universe amd64 libplacebo338 amd64 6.338.2-2build1 [2654 kB]
authoring-preview	UNKNOWN STEP	2026-09-27T17:55:51.5043860Z Get:73 http://azure.archive.ubuntu.com/ubuntu noble-updates/main amd64 libblas3 amd64 3.12.0-3build1.1 [238 kB]
authoring-preview	UNKNOWN STEP	2026-09-27T17:55:51.5138368Z Get:74 http://azure.archive.ubuntu.com/ubuntu noble-updates/main amd64 liblapack3 amd64 3.12.0-3build1.1 [2646 kB]
authoring-preview	UNKNOWN STEP	2026-09-27T17:55:51.5526324Z Get:75 http://azure.archive.ubuntu.com/ubuntu noble/main amd64 libasyncns0 amd64 0.8-6build4 [11.3 kB]
authoring-preview	UNKNOWN STEP	2026-09-27T17:55:51.6022595Z Get:76 http://azure.archive.ubuntu.com/ubuntu noble/main amd64 libflac12t64 amd64 1.4.3+ds-2.1ubuntu2 [197 kB]
authoring-preview	UNKNOWN STEP	2026-09-27T17:55:51.6108193Z Get:77 http://azure.archive.ubuntu.com/ubuntu noble-updates/main amd64 libsndfile1 amd64 1.2.2-1ubuntu5.24.04.1 [209 kB]
authoring-preview	UNKNOWN STEP	2026-09-27T17:55:51.6197541Z Get:78 http://azure.archive.ubuntu.com/ubuntu noble-updates/main amd64 libpulse0 amd64 1:16.1+dfsg1-2ubuntu10.1 [292 kB]
authoring-preview	UNKNOWN STEP	2026-09-27T17:55:51.6292341Z Get:79 http://azure.archive.ubuntu.com/ubuntu noble/universe amd64 libsphinxbase3t64 amd64 0.8+5prealpha+1-17build2 [126 kB]
authoring-preview	UNKNOWN STEP	2026-09-27T17:55:51.6375721Z Get:80 http://azure.archive.ubuntu.com/ubuntu noble/universe amd64 libpocketsphinx3 amd64 0.8.0+real5prealpha+1-15ubuntu5 [133 kB]
authoring-preview	UNKNOWN STEP	2026-09-27T17:55:51.6462016Z Get:81 http://azure.archive.ubuntu.com/ubuntu noble/universe amd64 libpostproc57 amd64 7:6.1.1-3ubuntu5 [49.9 kB]
authoring-preview	UNKNOWN STEP	2026-09-27T17:55:51.6539202Z Get:82 http://azure.archive.ubuntu.com/ubuntu noble/main amd64 libsamplerate0 amd64 0.2.2-4build1 [1344 kB]
authoring-preview	UNKNOWN STEP	2026-09-27T17:55:51.6785061Z Get:83 http://azure.archive.ubuntu.com/ubuntu noble/universe amd64 librubberband2 amd64 3.3.0+dfsg-2build1 [130 kB]
authoring-preview	UNKNOWN STEP	2026-09-27T17:55:51.6881133Z Get:84 http://azure.archive.ubuntu.com/ubuntu noble/universe amd64 libswscale7 amd64 7:6.1.1-3ubuntu5 [193 kB]
authoring-preview	UNKNOWN STEP	2026-09-27T17:55:51.6973479Z Get:85 http://azure.archive.ubuntu.com/ubuntu noble/universe amd64 libvidstab1.1 amd64 1.1.0-2build1 [38.5 kB]
authoring-preview	UNKNOWN STEP	2026-09-27T17:55:51.7050692Z Get:86 http://azure.archive.ubuntu.com/ubuntu noble/universe amd64 libzimg2 amd64 3.0.5+ds1-1build1 [254 kB]
authoring-preview	UNKNOWN STEP	2026-09-27T17:55:51.7146157Z Get:87 http://azure.archive.ubuntu.com/ubuntu noble/universe amd64 libavfilter9 amd64 7:6.1.1-3ubuntu5 [4235 kB]
authoring-preview	UNKNOWN STEP	2026-09-27T17:55:51.7735100Z Get:88 http://azure.archive.ubuntu.com/ubuntu noble-updates/main amd64 liborc-0.4-0t64 amd64 1:0.4.38-1ubuntu0.1 [207 kB]
authoring-preview	UNKNOWN STEP	2026-09-27T17:55:51.7846692Z Get:89 http://azure.archive.ubuntu.com/ubuntu noble-updates/main amd64 libgstreamer-plugins-base1.0-0 amd64 1.24.2-1ubuntu0.5 [862 kB]
authoring-preview	UNKNOWN STEP	2026-09-27T17:55:51.8070452Z Get:90 http://azure.archive.ubuntu.com/ubuntu noble/universe amd64 gstreamer1.0-libav amd64 1.24.1-1build1 [103 kB]
authoring-preview	UNKNOWN STEP	2026-09-27T17:55:51.8153540Z Get:91 http://azure.archive.ubuntu.com/ubuntu noble/main amd64 libcdparanoia0 amd64 3.10.2+debian-14build3 [48.5 kB]
authoring-preview	UNKNOWN STEP	2026-09-27T17:55:51.8227125Z Get:92 http://azure.archive.ubuntu.com/ubuntu noble/main amd64 libvisual-0.4-0 amd64 0.4.2-2build1 [115 kB]
authoring-preview	UNKNOWN STEP	2026-09-27T17:55:51.8323378Z Get:93 http://azure.archive.ubuntu.com/ubuntu noble-updates/main amd64 gstreamer1.0-plugins-base amd64 1.24.2-1ubuntu0.5 [721 kB]
authoring-preview	UNKNOWN STEP	2026-09-27T17:55:51.8555875Z Get:94 http://azure.archive.ubuntu.com/ubuntu noble/main amd64 libaa1 amd64 1.4p5-51.1 [49.9 kB]
authoring-preview	UNKNOWN STEP	2026-09-27T17:55:51.9059112Z Get:95 http://azure.archive.ubuntu.com/ubuntu noble/main amd64 libraw1394-11 amd64 2.1.2-2build3 [26.2 kB]
authoring-preview	UNKNOWN STEP	2026-09-27T17:55:51.9146509Z Get:96 http://azure.archive.ubuntu.com/ubuntu noble/main amd64 libavc1394-0 amd64 0.5.4-5build3 [15.4 kB]
authoring-preview	UNKNOWN STEP	2026-09-27T17:55:51.9221248Z Get:97 http://azure.archive.ubuntu.com/ubuntu noble-updates/main amd64 libcaca0 amd64 0.99.beta20-4ubuntu0.2 [209 kB]
authoring-preview	UNKNOWN STEP	2026-09-27T17:55:51.9335250Z Get:98 http://azure.archive.ubuntu.com/ubuntu noble/main amd64 libdv4t64 amd64 1.0.0-17.1build1 [63.2 kB]
authoring-preview	UNKNOWN STEP	2026-09-27T17:55:51.9419386Z Get:99 http://azure.archive.ubuntu.com/ubuntu noble-updates/main amd64 libgstreamer-plugins-good1.0-0 amd64 1.24.2-1ubuntu1.7 [34.0 kB]
authoring-preview	UNKNOWN STEP	2026-09-27T17:55:51.9496484Z Get:100 http://azure.archive.ubuntu.com/ubuntu noble/main amd64 libiec61883-0 amd64 1.2.0-6build1 [24.5 kB]
authoring-preview	UNKNOWN STEP	2026-09-27T17:55:51.9571277Z Get:101 http://azure.archive.ubuntu.com/ubuntu noble/main amd64 libshout3 amd64 2.4.6-1build2 [50.3 kB]
authoring-preview	UNKNOWN STEP	2026-09-27T17:55:51.9652289Z Get:102 http://azure.archive.ubuntu.com/ubuntu noble/main amd64 libtag1v5-vanilla amd64 1.13.1-1build1 [326 kB]
authoring-preview	UNKNOWN STEP	2026-09-27T17:55:51.9844842Z Get:103 http://azure.archive.ubuntu.com/ubuntu noble/main amd64 libtag1v5 amd64 1.13.1-1build1 [11.7 kB]
authoring-preview	UNKNOWN STEP	2026-09-27T17:55:51.9920648Z Get:104 http://azure.archive.ubuntu.com/ubuntu noble/main amd64 libv4lconvert0t64 amd64 1.26.1-4build3 [87.6 kB]
authoring-preview	UNKNOWN STEP	2026-09-27T17:55:52.0013807Z Get:105 http://azure.archive.ubuntu.com/ubuntu noble/main amd64 libv4l-0t64 amd64 1.26.1-4build3 [46.9 kB]
authoring-preview	UNKNOWN STEP	2026-09-27T17:55:52.0092857Z Get:106 http://azure.archive.ubuntu.com/ubuntu noble/main amd64 libwavpack1 amd64 5.6.0-1build1 [84.6 kB]
authoring-preview	UNKNOWN STEP	2026-09-27T17:55:52.0179714Z Get:107 http://azure.archive.ubuntu.com/ubuntu noble-updates/main amd64 libsoup-3.0-common all 3.4.4-5ubuntu0.8 [11.7 kB]
authoring-preview	UNKNOWN STEP	2026-09-27T17:55:52.0256254Z Get:108 http://azure.archive.ubuntu.com/ubuntu noble-updates/main amd64 libsoup-3.0-0 amd64 3.4.4-5ubuntu0.8 [290 kB]
authoring-preview	UNKNOWN STEP	2026-09-27T17:55:52.0357000Z Get:109 http://azure.archive.ubuntu.com/ubuntu noble-updates/main amd64 gstreamer1.0-plugins-good amd64 1.24.2-1ubuntu1.7 [2237 kB]
authoring-preview	UNKNOWN STEP	2026-09-27T17:55:52.0631132Z Get:110 http://azure.archive.ubuntu.com/ubuntu noble-updates/main amd64 libabsl20220623t64 amd64 20220623.1-3.1ubuntu3.2 [423 kB]
authoring-preview	UNKNOWN STEP	2026-09-27T17:55:52.0741810Z Get:111 http://azure.archive.ubuntu.com/ubuntu noble/universe amd64 libgav1-1 amd64 0.18.0-1build3 [357 kB]
authoring-preview	UNKNOWN STEP	2026-09-27T17:55:52.0848677Z Get:112 http://azure.archive.ubuntu.com/ubuntu noble/universe amd64 libyuv0 amd64 0.0~git202401110.af6ac82-1 [178 kB]
authoring-preview	UNKNOWN STEP	2026-09-27T17:55:52.0983284Z Get:113 http://azure.archive.ubuntu.com/ubuntu noble/universe amd64 libavif16 amd64 1.0.4-1ubuntu3 [91.2 kB]
authoring-preview	UNKNOWN STEP	2026-09-27T17:55:52.1064478Z Get:114 http://azure.archive.ubuntu.com/ubuntu noble/universe amd64 libavtp0 amd64 0.2.0-1build1 [6414 B]
authoring-preview	UNKNOWN STEP	2026-09-27T17:55:52.1139396Z Get:115 http://azure.archive.ubuntu.com/ubuntu noble/main amd64 libcairo-script-interpreter2 amd64 1.18.0-3build1 [60.3 kB]
authoring-preview	UNKNOWN STEP	2026-09-27T17:55:52.1218259Z Get:116 http://azure.archive.ubuntu.com/ubuntu noble/universe amd64 libdc1394-25 amd64 2.2.6-4build1 [90.1 kB]
authoring-preview	UNKNOWN STEP	2026-09-27T17:55:52.1299325Z Get:117 http://azure.archive.ubuntu.com/ubuntu noble-updates/main amd64 libde265-0 amd64 1.0.15-1ubuntu0.1 [167 kB]
authoring-preview	UNKNOWN STEP	2026-09-27T17:55:52.1385251Z Get:118 http://azure.archive.ubuntu.com/ubuntu noble/main amd64 libdecor-0-0 amd64 0.2.2-1build2 [16.5 kB]
authoring-preview	UNKNOWN STEP	2026-09-27T17:55:52.1462307Z Get:119 http://azure.archive.ubuntu.com/ubuntu noble/main amd64 libgles2 amd64 1.7.0-1build1 [17.1 kB]
authoring-preview	UNKNOWN STEP	2026-09-27T17:55:52.1538146Z Get:120 http://azure.archive.ubuntu.com/ubuntu noble/universe amd64 libdirectfb-1.7-7t64 amd64 1.7.7-11.1ubuntu2 [1035 kB]
authoring-preview	UNKNOWN STEP	2026-09-27T17:55:52.2151492Z Get:121 http://azure.archive.ubuntu.com/ubuntu noble/universe amd64 libdvdread8t64 amd64 6.1.3-1.1build1 [54.7 kB]
authoring-preview	UNKNOWN STEP	2026-09-27T17:55:52.2230391Z Get:122 http://azure.archive.ubuntu.com/ubuntu noble/universe amd64 libdvdnav4 amd64 6.1.1-3build1 [39.5 kB]
authoring-preview	UNKNOWN STEP	2026-09-27T17:55:52.2309141Z Get:123 http://azure.archive.ubuntu.com/ubuntu noble-updates/main amd64 libegl-mesa0 amd64 25.2.8-0ubuntu0.24.04.2 [117 kB]
authoring-preview	UNKNOWN STEP	2026-09-27T17:55:52.2395640Z Get:124 http://azure.archive.ubuntu.com/ubuntu noble-updates/main amd64 libevent-2.1-7t64 amd64 2.1.12-stable-9ubuntu2.1 [146 kB]
authoring-preview	UNKNOWN STEP	2026-09-27T17:55:52.2481051Z Get:125 http://azure.archive.ubuntu.com/ubuntu noble/universe amd64 libfaad2 amd64 2.11.1-1build1 [207 kB]
authoring-preview	UNKNOWN STEP	2026-09-27T17:55:52.2574713Z Get:126 http://azure.archive.ubuntu.com/ubuntu noble/universe amd64 libinstpatch-1.0-2 amd64 1.1.6-1build2 [251 kB]
authoring-preview	UNKNOWN STEP	2026-09-27T17:55:52.2669520Z Get:127 http://azure.archive.ubuntu.com/ubuntu noble/main amd64 libjack-jackd2-0 amd64 1.9.21~dfsg-3ubuntu3 [289 kB]
authoring-preview	UNKNOWN STEP	2026-09-27T17:55:52.2771723Z Get:128 http://azure.archive.ubuntu.com/ubuntu noble/main amd64 libwebrtc-audio-processing1 amd64 0.3.1-0ubuntu6 [290 kB]
authoring-preview	UNKNOWN STEP	2026-09-27T17:55:52.2864311Z Get:129 http://azure.archive.ubuntu.com/ubuntu noble-updates/main amd64 libspa-0.2-modules amd64 1.0.5-1ubuntu3.3 [628 kB]
authoring-preview	UNKNOWN STEP	2026-09-27T17:55:52.2976940Z Get:130 http://azure.archive.ubuntu.com/ubuntu noble-updates/main amd64 libpipewire-0.3-0t64 amd64 1.0.5-1ubuntu3.3 [252 kB]
authoring-preview	UNKNOWN STEP	2026-09-27T17:55:52.3063732Z Get:131 http://azure.archive.ubuntu.com/ubuntu noble-updates/main amd64 libsdl2-2.0-0 amd64 2.30.0+dfsg-1ubuntu3.1 [686 kB]
authoring-preview	UNKNOWN STEP	2026-09-27T17:55:52.3219721Z Get:132 http://azure.archive.ubuntu.com/ubuntu noble/universe amd64 timgm6mb-soundfont all 1.3-5 [5427 kB]
authoring-preview	UNKNOWN STEP	2026-09-27T17:55:52.3661869Z Get:133 http://azure.archive.ubuntu.com/ubuntu noble/universe amd64 libfluidsynth3 amd64 2.3.4-1build3 [249 kB]
authoring-preview	UNKNOWN STEP	2026-09-27T17:55:52.3745904Z Get:134 http://azure.archive.ubuntu.com/ubuntu noble/main amd64 libfreeaptx0 amd64 0.1.1-2build1 [13.5 kB]
authoring-preview	UNKNOWN STEP	2026-09-27T17:55:52.3813402Z Get:135 http://azure.archive.ubuntu.com/ubuntu noble/main amd64 libgraphene-1.0-0 amd64 1.10.8-3build2 [46.2 kB]
authoring-preview	UNKNOWN STEP	2026-09-27T17:55:52.3884321Z Get:136 http://azure.archive.ubuntu.com/ubuntu noble/main amd64 libgssdp-1.6-0 amd64 1.6.3-1build3 [40.4 kB]
authoring-preview	UNKNOWN STEP	2026-09-27T17:55:52.3953209Z Get:137 http://azure.archive.ubuntu.com/ubuntu noble/main amd64 libegl1 amd64 1.7.0-1build1 [28.7 kB]
authoring-preview	UNKNOWN STEP	2026-09-27T17:55:52.4021126Z Get:138 http://azure.archive.ubuntu.com/ubuntu noble-updates/main amd64 libgstreamer-gl1.0-0 amd64 1.24.2-1ubuntu0.5 [214 kB]
authoring-preview	UNKNOWN STEP	2026-09-27T17:55:52.4540977Z Get:139 http://azure.archive.ubuntu.com/ubuntu noble-updates/main amd64 libgtk-4-common all 4.14.5+ds-0ubuntu0.10 [1497 kB]
authoring-preview	UNKNOWN STEP	2026-09-27T17:55:52.4712077Z Get:140 http://azure.archive.ubuntu.com/ubuntu noble-updates/main amd64 libgtk-4-1 amd64 4.14.5+ds-0ubuntu0.10 [3295 kB]
authoring-preview	UNKNOWN STEP	2026-09-27T17:55:52.5005015Z Get:141 http://azure.archive.ubuntu.com/ubuntu noble/main amd64 libgupnp-1.6-0 amd64 1.6.6-1build3 [92.7 kB]
authoring-preview	UNKNOWN STEP	2026-09-27T17:55:52.5079895Z Get:142 http://azure.archive.ubuntu.com/ubuntu noble/universe amd64 libgupnp-igd-1.6-0 amd64 1.6.0-3build3 [16.5 kB]
authoring-preview	UNKNOWN STEP	2026-09-27T17:55:52.5146486Z Get:143 http://azure.archive.ubuntu.com/ubuntu noble/main amd64 libharfbuzz-icu0 amd64 8.3.0-2build2 [13.3 kB]
authoring-preview	UNKNOWN STEP	2026-09-27T17:55:52.5214690Z Get:144 http://azure.archive.ubuntu.com/ubuntu noble/main amd64 libhyphen0 amd64 2.8.8-7build3 [26.5 kB]
authoring-preview	UNKNOWN STEP	2026-09-27T17:55:52.5306757Z Get:145 http://azure.archive.ubuntu.com/ubuntu noble/universe amd64 libimath-3-1-29t64 amd64 3.1.9-3.1ubuntu2 [72.2 kB]
authoring-preview	UNKNOWN STEP	2026-09-27T17:55:52.5376290Z Get:146 http://azure.archive.ubuntu.com/ubuntu noble/main amd64 liblc3-1 amd64 1.0.4-3build1 [69.7 kB]
authoring-preview	UNKNOWN STEP	2026-09-27T17:55:52.5448649Z Get:147 http://azure.archive.ubuntu.com/ubuntu noble/main amd64 libldacbt-enc2 amd64 2.0.2.3+git20200429+ed310a0-4ubuntu2 [27.1 kB]
authoring-preview	UNKNOWN STEP	2026-09-27T17:55:52.5516964Z Get:148 http://azure.archive.ubuntu.com/ubuntu noble-updates/main amd64 libraptor2-0 amd64 2.0.16-3ubuntu0.1 [165 kB]
authoring-preview	UNKNOWN STEP	2026-09-27T17:55:52.5595799Z Get:149 http://azure.archive.ubuntu.com/ubuntu noble/universe amd64 liblrdf0 amd64 0.6.1-4build1 [18.5 kB]
authoring-preview	UNKNOWN STEP	2026-09-27T17:55:52.5665016Z Get:150 http://azure.archive.ubuntu.com/ubuntu noble/universe amd64 libltc11 amd64 1.3.2-1build1 [13.0 kB]
authoring-preview	UNKNOWN STEP	2026-09-27T17:55:52.5731619Z Get:151 http://azure.archive.ubuntu.com/ubuntu noble/main amd64 libmanette-0.2-0 amd64 0.2.7-1build2 [30.6 kB]
authoring-preview	UNKNOWN STEP	2026-09-27T17:55:52.5800427Z Get:152 http://azure.archive.ubuntu.com/ubuntu noble/universe amd64 libmfx1 amd64 22.5.4-1 [3124 kB]
authoring-preview	UNKNOWN STEP	2026-09-27T17:55:52.6105715Z Get:153 http://azure.archive.ubuntu.com/ubuntu noble/universe amd64 libmjpegutils-2.1-0t64 amd64 1:2.1.0+debian-8.1build1 [25.5 kB]
authoring-preview	UNKNOWN STEP	2026-09-27T17:55:52.6173933Z Get:154 http://azure.archive.ubuntu.com/ubuntu noble/universe amd64 libmodplug1 amd64 1:0.8.9.0-3build1 [166 kB]
authoring-preview	UNKNOWN STEP	2026-09-27T17:55:52.6256147Z Get:155 http://azure.archive.ubuntu.com/ubuntu noble/universe amd64 libmpcdec6 amd64 2:0.1~r495-2build1 [32.7 kB]
authoring-preview	UNKNOWN STEP	2026-09-27T17:55:52.6325547Z Get:156 http://azure.archive.ubuntu.com/ubuntu noble/universe amd64 libmpeg2encpp-2.1-0t64 amd64 1:2.1.0+debian-8.1build1 [75.6 kB]
authoring-preview	UNKNOWN STEP	2026-09-27T17:55:52.6429320Z Get:157 http://azure.archive.ubuntu.com/ubuntu noble/universe amd64 libmplex2-2.1-0t64 amd64 1:2.1.0+debian-8.1build1 [46.1 kB]
authoring-preview	UNKNOWN STEP	2026-09-27T17:55:52.6942637Z Get:158 http://azure.archive.ubuntu.com/ubuntu noble/universe amd64 libneon27t64 amd64 0.33.0-1.1build3 [102 kB]
authoring-preview	UNKNOWN STEP	2026-09-27T17:55:52.7019922Z Get:159 http://azure.archive.ubuntu.com/ubuntu noble/universe amd64 libnice10 amd64 0.1.21-2build3 [157 kB]
authoring-preview	UNKNOWN STEP	2026-09-27T17:55:52.7098398Z Get:160 http://azure.archive.ubuntu.com/ubuntu noble/universe amd64 libopenal-data all 1:1.23.1-4build1 [161 kB]
authoring-preview	UNKNOWN STEP	2026-09-27T17:55:52.7178593Z Get:161 http://azure.archive.ubuntu.com/ubuntu noble/universe amd64 libopenexr-3-1-30 amd64 3.1.5-5.1build3 [1004 kB]
authoring-preview	UNKNOWN STEP	2026-09-27T17:55:52.7381740Z Get:162 http://azure.archive.ubuntu.com/ubuntu noble/universe amd64 libopenh264-7 amd64 2.4.1+dfsg-1 [409 kB]
authoring-preview	UNKNOWN STEP	2026-09-27T17:55:52.7753634Z Get:163 http://azure.archive.ubuntu.com/ubuntu noble/universe amd64 libopenni2-0 amd64 2.2.0.33+dfsg-18 [370 kB]
authoring-preview	UNKNOWN STEP	2026-09-27T17:55:52.7929589Z Get:164 http://azure.archive.ubuntu.com/ubuntu noble/universe amd64 libqrencode4 amd64 4.1.1-1build2 [25.0 kB]
authoring-preview	UNKNOWN STEP	2026-09-27T17:55:52.7996402Z Get:165 http://azure.archive.ubuntu.com/ubuntu noble/main amd64 libsecret-common all 0.21.4-1build3 [4962 B]
authoring-preview	UNKNOWN STEP	2026-09-27T17:55:52.8061869Z Get:166 http://azure.archive.ubuntu.com/ubuntu noble/main amd64 libsecret-1-0 amd64 0.21.4-1build3 [116 kB]
authoring-preview	UNKNOWN STEP	2026-09-27T17:55:52.8136770Z Get:167 http://azure.archive.ubuntu.com/ubuntu noble/universe amd64 libsndio7.0 amd64 1.9.0-0.3build3 [29.6 kB]
authoring-preview	UNKNOWN STEP	2026-09-27T17:55:52.8204262Z Get:168 http://azure.archive.ubuntu.com/ubuntu noble/universe amd64 libsoundtouch1 amd64 2.3.2+ds1-1build1 [60.5 kB]
authoring-preview	UNKNOWN STEP	2026-09-27T17:55:52.8274920Z Get:169 http://azure.archive.ubuntu.com/ubuntu noble/universe amd64 libspandsp2t64 amd64 0.0.6+dfsg-2.1build1 [311 kB]
authoring-preview	UNKNOWN STEP	2026-09-27T17:55:52.8445707Z Get:170 http://azure.archive.ubuntu.com/ubuntu noble/universe amd64 libsrtp2-1 amd64 2.5.0-3build1 [41.9 kB]
authoring-preview	UNKNOWN STEP	2026-09-27T17:55:52.8515081Z Get:171 http://azure.archive.ubuntu.com/ubuntu noble/main amd64 libwayland-server0 amd64 1.22.0-2.1build1 [33.9 kB]
authoring-preview	UNKNOWN STEP	2026-09-27T17:55:52.8599687Z Get:172 http://azure.archive.ubuntu.com/ubuntu noble/universe amd64 libwildmidi2 amd64 0.4.3-1build3 [68.5 kB]
authoring-preview	UNKNOWN STEP	2026-09-27T17:55:52.8668984Z Get:173 http://azure.archive.ubuntu.com/ubuntu noble/main amd64 libwoff1 amd64 1.0.2-2build1 [45.3 kB]
authoring-preview	UNKNOWN STEP	2026-09-27T17:55:52.8740886Z Get:174 http://azure.archive.ubuntu.com/ubuntu noble/main amd64 libxcb-xkb1 amd64 1.15-1ubuntu2 [32.3 kB]
authoring-preview	UNKNOWN STEP	2026-09-27T17:55:52.8808781Z Get:175 http://azure.archive.ubuntu.com/ubuntu noble/main amd64 libxkbcommon-x11-0 amd64 1.6.0-1build1 [14.5 kB]
authoring-preview	UNKNOWN STEP	2026-09-27T17:55:52.9299599Z Get:176 http://azure.archive.ubuntu.com/ubuntu noble/universe amd64 libzbar0t64 amd64 0.23.93-4build3 [123 kB]
authoring-preview	UNKNOWN STEP	2026-09-27T17:55:52.9392940Z Get:177 http://azure.archive.ubuntu.com/ubuntu noble/universe amd64 libzxing3 amd64 2.2.1-3 [583 kB]
authoring-preview	UNKNOWN STEP	2026-09-27T17:55:52.9563249Z Get:178 http://azure.archive.ubuntu.com/ubuntu noble/main amd64 xfonts-encodings all 1:1.0.5-0ubuntu2 [578 kB]
authoring-preview	UNKNOWN STEP	2026-09-27T17:55:52.9724081Z Get:179 http://azure.archive.ubuntu.com/ubuntu noble/main amd64 xfonts-utils amd64 1:7.7+6build3 [94.4 kB]
authoring-preview	UNKNOWN STEP	2026-09-27T17:55:52.9796543Z Get:180 http://azure.archive.ubuntu.com/ubuntu noble/universe amd64 xfonts-cyrillic all 1:1.0.5+nmu1 [384 kB]
authoring-preview	UNKNOWN STEP	2026-09-27T17:55:52.9893226Z Get:181 http://azure.archive.ubuntu.com/ubuntu noble/main amd64 xfonts-scalable all 1:1.0.3-1.3 [304 kB]
authoring-preview	UNKNOWN STEP	2026-09-27T17:55:52.9990699Z Get:182 http://azure.archive.ubuntu.com/ubuntu noble-updates/main amd64 xserver-common all 2:21.1.12-1ubuntu1.8 [34.8 kB]
authoring-preview	UNKNOWN STEP	2026-09-27T17:55:53.0057955Z Get:183 http://azure.archive.ubuntu.com/ubuntu noble-updates/universe amd64 xvfb amd64 2:21.1.12-1ubuntu1.8 [877 kB]
authoring-preview	UNKNOWN STEP	2026-09-27T17:55:53.0253965Z Get:184 http://azure.archive.ubuntu.com/ubuntu noble/universe amd64 libgstreamer-plugins-bad1.0-0 amd64 1.24.2-1ubuntu4 [797 kB]
authoring-preview	UNKNOWN STEP	2026-09-27T17:55:53.0385638Z Get:185 http://azure.archive.ubuntu.com/ubuntu noble/universe amd64 libdca0 amd64 0.0.7-2build1 [93.8 kB]
authoring-preview	UNKNOWN STEP	2026-09-27T17:55:53.0460163Z Get:186 http://azure.archive.ubuntu.com/ubuntu noble/universe amd64 libopenal1 amd64 1:1.23.1-4build1 [540 kB]
authoring-preview	UNKNOWN STEP	2026-09-27T17:55:53.0566952Z Get:187 http://azure.archive.ubuntu.com/ubuntu noble/main amd64 libsbc1 amd64 2.0-1build1 [33.9 kB]
authoring-preview	UNKNOWN STEP	2026-09-27T17:55:53.0634552Z Get:188 http://azure.archive.ubuntu.com/ubuntu noble/universe amd64 libvo-aacenc0 amd64 0.1.3-2build1 [67.8 kB]
authoring-preview	UNKNOWN STEP	2026-09-27T17:55:53.0707632Z Get:189 http://azure.archive.ubuntu.com/ubuntu noble/universe amd64 libvo-amrwbenc0 amd64 0.1.3-2build1 [76.7 kB]
authoring-preview	UNKNOWN STEP	2026-09-27T17:55:53.0778581Z Get:190 http://azure.archive.ubuntu.com/ubuntu noble/universe amd64 gstreamer1.0-plugins-bad amd64 1.24.2-1ubuntu4 [3081 kB]
authoring-preview	UNKNOWN STEP	2026-09-27T17:55:53.5201087Z Fetched 118 MB in 4s (31.3 MB/s)
authoring-preview	UNKNOWN STEP	2026-09-27T17:55:53.5448278Z Selecting previously unselected package fonts-ipafont-gothic.
authoring-preview	UNKNOWN STEP	2026-09-27T17:55:53.5726640Z (Reading database ... 
authoring-preview	UNKNOWN STEP	2026-09-27T17:55:53.5727576Z (Reading database ... 5%
authoring-preview	UNKNOWN STEP	2026-09-27T17:55:53.5728202Z (Reading database ... 10%
authoring-preview	UNKNOWN STEP	2026-09-27T17:55:53.5728517Z (Reading database ... 15%
authoring-preview	UNKNOWN STEP	2026-09-27T17:55:53.5728797Z (Reading database ... 20%
authoring-preview	UNKNOWN STEP	2026-09-27T17:55:53.5729050Z (Reading database ... 25%
authoring-preview	UNKNOWN STEP	2026-09-27T17:55:53.5729305Z (Reading database ... 30%
authoring-preview	UNKNOWN STEP	2026-09-27T17:55:53.5729547Z (Reading database ... 35%
authoring-preview	UNKNOWN STEP	2026-09-27T17:55:53.5729789Z (Reading database ... 40%
authoring-preview	UNKNOWN STEP	2026-09-27T17:55:53.5730045Z (Reading database ... 45%
authoring-preview	UNKNOWN STEP	2026-09-27T17:55:53.5730285Z (Reading database ... 50%
authoring-preview	UNKNOWN STEP	2026-09-27T17:55:53.5782523Z (Reading database ... 55%
authoring-preview	UNKNOWN STEP	2026-09-27T17:55:53.6746138Z (Reading database ... 60%
authoring-preview	UNKNOWN STEP	2026-09-27T17:55:53.8826617Z (Reading database ... 65%
authoring-preview	UNKNOWN STEP	2026-09-27T17:55:54.0741478Z (Reading database ... 70%
authoring-preview	UNKNOWN STEP	2026-09-27T17:55:54.2773651Z (Reading database ... 75%
authoring-preview	UNKNOWN STEP	2026-09-27T17:55:54.4173087Z (Reading database ... 80%
authoring-preview	UNKNOWN STEP	2026-09-27T17:55:54.6689219Z (Reading database ... 85%
authoring-preview	UNKNOWN STEP	2026-09-27T17:55:54.8800009Z (Reading database ... 90%
authoring-preview	UNKNOWN STEP	2026-09-27T17:55:55.0747171Z (Reading database ... 95%
authoring-preview	UNKNOWN STEP	2026-09-27T17:55:55.0747950Z (Reading database ... 100%
authoring-preview	UNKNOWN STEP	2026-09-27T17:55:55.0748601Z (Reading database ... 202190 files and directories currently installed.)
authoring-preview	UNKNOWN STEP	2026-09-27T17:55:55.0789095Z Preparing to unpack .../000-fonts-ipafont-gothic_00303-21ubuntu1_all.deb ...
authoring-preview	UNKNOWN STEP	2026-09-27T17:55:55.0886082Z Unpacking fonts-ipafont-gothic (00303-21ubuntu1) ...
authoring-preview	UNKNOWN STEP	2026-09-27T17:55:55.3918688Z Preparing to unpack .../001-libglib2.0-data_2.80.0-6ubuntu3.9_all.deb ...
authoring-preview	UNKNOWN STEP	2026-09-27T17:55:55.3946278Z Unpacking libglib2.0-data (2.80.0-6ubuntu3.9) over (2.80.0-6ubuntu3.8) ...
authoring-preview	UNKNOWN STEP	2026-09-27T17:55:55.4345720Z Preparing to unpack .../002-libglib2.0-bin_2.80.0-6ubuntu3.9_amd64.deb ...
authoring-preview	UNKNOWN STEP	2026-09-27T17:55:55.4364520Z Unpacking libglib2.0-bin (2.80.0-6ubuntu3.9) over (2.80.0-6ubuntu3.8) ...
authoring-preview	UNKNOWN STEP	2026-09-27T17:55:55.5073451Z Preparing to unpack .../003-gir1.2-glib-2.0_2.80.0-6ubuntu3.9_amd64.deb ...
authoring-preview	UNKNOWN STEP	2026-09-27T17:55:55.5091790Z Unpacking gir1.2-glib-2.0:amd64 (2.80.0-6ubuntu3.9) over (2.80.0-6ubuntu3.8) ...
authoring-preview	UNKNOWN STEP	2026-09-27T17:55:55.5536005Z Preparing to unpack .../004-libglib2.0-0t64_2.80.0-6ubuntu3.9_amd64.deb ...
authoring-preview	UNKNOWN STEP	2026-09-27T17:55:55.5639320Z Unpacking libglib2.0-0t64:amd64 (2.80.0-6ubuntu3.9) over (2.80.0-6ubuntu3.8) ...
authoring-preview	UNKNOWN STEP	2026-09-27T17:55:55.6330975Z Preparing to unpack .../005-libxml2-dev_2.9.14+dfsg-1.3ubuntu3.9_amd64.deb ...
authoring-preview	UNKNOWN STEP	2026-09-27T17:55:55.6348653Z Unpacking libxml2-dev:amd64 (2.9.14+dfsg-1.3ubuntu3.9) over (2.9.14+dfsg-1.3ubuntu3.8) ...
authoring-preview	UNKNOWN STEP	2026-09-27T17:55:55.7101523Z Preparing to unpack .../006-libxml2_2.9.14+dfsg-1.3ubuntu3.9_amd64.deb ...
authoring-preview	UNKNOWN STEP	2026-09-27T17:55:55.7123569Z Unpacking libxml2:amd64 (2.9.14+dfsg-1.3ubuntu3.9) over (2.9.14+dfsg-1.3ubuntu3.8) ...
authoring-preview	UNKNOWN STEP	2026-09-27T17:55:55.7390585Z Selecting previously unselected package fonts-freefont-ttf.
authoring-preview	UNKNOWN STEP	2026-09-27T17:55:55.7514459Z Preparing to unpack .../007-fonts-freefont-ttf_20211204+svn4273-2_all.deb ...
authoring-preview	UNKNOWN STEP	2026-09-27T17:55:55.7521475Z Unpacking fonts-freefont-ttf (20211204+svn4273-2) ...
authoring-preview	UNKNOWN STEP	2026-09-27T17:55:55.8268098Z Selecting previously unselected package fonts-tlwg-loma-otf.
authoring-preview	UNKNOWN STEP	2026-09-27T17:55:55.8389162Z Preparing to unpack .../008-fonts-tlwg-loma-otf_1%3a0.7.3-1_all.deb ...
authoring-preview	UNKNOWN STEP	2026-09-27T17:55:55.8395483Z Unpacking fonts-tlwg-loma-otf (1:0.7.3-1) ...
authoring-preview	UNKNOWN STEP	2026-09-27T17:55:55.8585599Z Selecting previously unselected package fonts-unifont.
authoring-preview	UNKNOWN STEP	2026-09-27T17:55:55.8706896Z Preparing to unpack .../009-fonts-unifont_1%3a15.1.01-1build1_all.deb ...
authoring-preview	UNKNOWN STEP	2026-09-27T17:55:55.8714093Z Unpacking fonts-unifont (1:15.1.01-1build1) ...
authoring-preview	UNKNOWN STEP	2026-09-27T17:55:55.9715527Z Selecting previously unselected package fonts-wqy-zenhei.
authoring-preview	UNKNOWN STEP	2026-09-27T17:55:55.9838824Z Preparing to unpack .../010-fonts-wqy-zenhei_0.9.45-8_all.deb ...
authoring-preview	UNKNOWN STEP	2026-09-27T17:55:55.9932819Z Unpacking fonts-wqy-zenhei (0.9.45-8) ...
authoring-preview	UNKNOWN STEP	2026-09-27T17:55:56.4519540Z Selecting previously unselected package libproxy1v5:amd64.
authoring-preview	UNKNOWN STEP	2026-09-27T17:55:56.4643412Z Preparing to unpack .../011-libproxy1v5_0.5.4-4build1_amd64.deb ...
authoring-preview	UNKNOWN STEP	2026-09-27T17:55:56.4650698Z Unpacking libproxy1v5:amd64 (0.5.4-4build1) ...
authoring-preview	UNKNOWN STEP	2026-09-27T17:55:56.4853615Z Selecting previously unselected package glib-networking-common.
authoring-preview	UNKNOWN STEP	2026-09-27T17:55:56.4977423Z Preparing to unpack .../012-glib-networking-common_2.80.0-1build1_all.deb ...
authoring-preview	UNKNOWN STEP	2026-09-27T17:55:56.4984176Z Unpacking glib-networking-common (2.80.0-1build1) ...
authoring-preview	UNKNOWN STEP	2026-09-27T17:55:56.5169988Z Selecting previously unselected package glib-networking-services.
authoring-preview	UNKNOWN STEP	2026-09-27T17:55:56.5294080Z Preparing to unpack .../013-glib-networking-services_2.80.0-1build1_amd64.deb ...
authoring-preview	UNKNOWN STEP	2026-09-27T17:55:56.5301127Z Unpacking glib-networking-services (2.80.0-1build1) ...
authoring-preview	UNKNOWN STEP	2026-09-27T17:55:56.5500263Z Selecting previously unselected package session-migration.
authoring-preview	UNKNOWN STEP	2026-09-27T17:55:56.5623939Z Preparing to unpack .../014-session-migration_0.3.9build1_amd64.deb ...
authoring-preview	UNKNOWN STEP	2026-09-27T17:55:56.5638786Z Unpacking session-migration (0.3.9build1) ...
authoring-preview	UNKNOWN STEP	2026-09-27T17:55:56.5851611Z Selecting previously unselected package gsettings-desktop-schemas.
authoring-preview	UNKNOWN STEP	2026-09-27T17:55:56.5976813Z Preparing to unpack .../015-gsettings-desktop-schemas_46.1-0ubuntu1_all.deb ...
authoring-preview	UNKNOWN STEP	2026-09-27T17:55:56.5983094Z Unpacking gsettings-desktop-schemas (46.1-0ubuntu1) ...
authoring-preview	UNKNOWN STEP	2026-09-27T17:55:56.6321650Z Selecting previously unselected package glib-networking:amd64.
authoring-preview	UNKNOWN STEP	2026-09-27T17:55:56.6446605Z Preparing to unpack .../016-glib-networking_2.80.0-1build1_amd64.deb ...
authoring-preview	UNKNOWN STEP	2026-09-27T17:55:56.6454446Z Unpacking glib-networking:amd64 (2.80.0-1build1) ...
authoring-preview	UNKNOWN STEP	2026-09-27T17:55:56.6660839Z Selecting previously unselected package libva2:amd64.
authoring-preview	UNKNOWN STEP	2026-09-27T17:55:56.6783814Z Preparing to unpack .../017-libva2_2.20.0-2ubuntu0.2_amd64.deb ...
authoring-preview	UNKNOWN STEP	2026-09-27T17:55:56.6792087Z Unpacking libva2:amd64 (2.20.0-2ubuntu0.2) ...
authoring-preview	UNKNOWN STEP	2026-09-27T17:55:56.7025279Z Selecting previously unselected package libva-drm2:amd64.
authoring-preview	UNKNOWN STEP	2026-09-27T17:55:56.7148462Z Preparing to unpack .../018-libva-drm2_2.20.0-2ubuntu0.2_amd64.deb ...
authoring-preview	UNKNOWN STEP	2026-09-27T17:55:56.7156020Z Unpacking libva-drm2:amd64 (2.20.0-2ubuntu0.2) ...
authoring-preview	UNKNOWN STEP	2026-09-27T17:55:56.7352087Z Selecting previously unselected package libva-x11-2:amd64.
authoring-preview	UNKNOWN STEP	2026-09-27T17:55:56.7474624Z Preparing to unpack .../019-libva-x11-2_2.20.0-2ubuntu0.2_amd64.deb ...
authoring-preview	UNKNOWN STEP	2026-09-27T17:55:56.7481202Z Unpacking libva-x11-2:amd64 (2.20.0-2ubuntu0.2) ...
authoring-preview	UNKNOWN STEP	2026-09-27T17:55:56.7680114Z Selecting previously unselected package libvdpau1:amd64.
authoring-preview	UNKNOWN STEP	2026-09-27T17:55:56.7802593Z Preparing to unpack .../020-libvdpau1_1.5-2build1_amd64.deb ...
authoring-preview	UNKNOWN STEP	2026-09-27T17:55:56.7809980Z Unpacking libvdpau1:amd64 (1.5-2build1) ...
authoring-preview	UNKNOWN STEP	2026-09-27T17:55:56.8020152Z Selecting previously unselected package libvpl2.
authoring-preview	UNKNOWN STEP	2026-09-27T17:55:56.8142867Z Preparing to unpack .../021-libvpl2_2023.3.0-1build1_amd64.deb ...
authoring-preview	UNKNOWN STEP	2026-09-27T17:55:56.8154927Z Unpacking libvpl2 (2023.3.0-1build1) ...
authoring-preview	UNKNOWN STEP	2026-09-27T17:55:56.8364686Z Selecting previously unselected package ocl-icd-libopencl1:amd64.
authoring-preview	UNKNOWN STEP	2026-09-27T17:55:56.8487905Z Preparing to unpack .../022-ocl-icd-libopencl1_2.3.2-1build1_amd64.deb ...
authoring-preview	UNKNOWN STEP	2026-09-27T17:55:56.8494616Z Unpacking ocl-icd-libopencl1:amd64 (2.3.2-1build1) ...
authoring-preview	UNKNOWN STEP	2026-09-27T17:55:56.8754577Z Selecting previously unselected package libavutil58:amd64.
authoring-preview	UNKNOWN STEP	2026-09-27T17:55:56.8877933Z Preparing to unpack .../023-libavutil58_7%3a6.1.1-3ubuntu5_amd64.deb ...
authoring-preview	UNKNOWN STEP	2026-09-27T17:55:56.8884656Z Unpacking libavutil58:amd64 (7:6.1.1-3ubuntu5) ...
authoring-preview	UNKNOWN STEP	2026-09-27T17:55:56.9163089Z Selecting previously unselected package libcodec2-1.2:amd64.
authoring-preview	UNKNOWN STEP	2026-09-27T17:55:56.9285027Z Preparing to unpack .../024-libcodec2-1.2_1.2.0-2build1_amd64.deb ...
authoring-preview	UNKNOWN STEP	2026-09-27T17:55:56.9291757Z Unpacking libcodec2-1.2:amd64 (1.2.0-2build1) ...
authoring-preview	UNKNOWN STEP	2026-09-27T17:55:57.0897977Z Selecting previously unselected package libdav1d7:amd64.
authoring-preview	UNKNOWN STEP	2026-09-27T17:55:57.1020629Z Preparing to unpack .../025-libdav1d7_1.4.1-1build1_amd64.deb ...
authoring-preview	UNKNOWN STEP	2026-09-27T17:55:57.1028061Z Unpacking libdav1d7:amd64 (1.4.1-1build1) ...
authoring-preview	UNKNOWN STEP	2026-09-27T17:55:57.1281528Z Selecting previously unselected package libgsm1:amd64.
authoring-preview	UNKNOWN STEP	2026-09-27T17:55:57.1405283Z Preparing to unpack .../026-libgsm1_1.0.22-1build1_amd64.deb ...
authoring-preview	UNKNOWN STEP	2026-09-27T17:55:57.1412393Z Unpacking libgsm1:amd64 (1.0.22-1build1) ...
authoring-preview	UNKNOWN STEP	2026-09-27T17:55:57.1606262Z Selecting previously unselected package libhwy1t64:amd64.
authoring-preview	UNKNOWN STEP	2026-09-27T17:55:57.1728255Z Preparing to unpack .../027-libhwy1t64_1.0.7-8.1build1_amd64.deb ...
authoring-preview	UNKNOWN STEP	2026-09-27T17:55:57.1735244Z Unpacking libhwy1t64:amd64 (1.0.7-8.1build1) ...
authoring-preview	UNKNOWN STEP	2026-09-27T17:55:57.2028145Z Selecting previously unselected package libjxl0.7:amd64.
authoring-preview	UNKNOWN STEP	2026-09-27T17:55:57.2151278Z Preparing to unpack .../028-libjxl0.7_0.7.0-10.2ubuntu6.1_amd64.deb ...
authoring-preview	UNKNOWN STEP	2026-09-27T17:55:57.2158202Z Unpacking libjxl0.7:amd64 (0.7.0-10.2ubuntu6.1) ...
authoring-preview	UNKNOWN STEP	2026-09-27T17:55:57.2468815Z Selecting previously unselected package libmp3lame0:amd64.
authoring-preview	UNKNOWN STEP	2026-09-27T17:55:57.2591176Z Preparing to unpack .../029-libmp3lame0_3.100-6build1_amd64.deb ...
authoring-preview	UNKNOWN STEP	2026-09-27T17:55:57.2597564Z Unpacking libmp3lame0:amd64 (3.100-6build1) ...
authoring-preview	UNKNOWN STEP	2026-09-27T17:55:57.2809287Z Selecting previously unselected package libopus0:amd64.
authoring-preview	UNKNOWN STEP	2026-09-27T17:55:57.2931840Z Preparing to unpack .../030-libopus0_1.4-1build1_amd64.deb ...
authoring-preview	UNKNOWN STEP	2026-09-27T17:55:57.2939340Z Unpacking libopus0:amd64 (1.4-1build1) ...
authoring-preview	UNKNOWN STEP	2026-09-27T17:55:57.3163038Z Selecting previously unselected package librav1e0:amd64.
authoring-preview	UNKNOWN STEP	2026-09-27T17:55:57.3284631Z Preparing to unpack .../031-librav1e0_0.7.1-2_amd64.deb ...
authoring-preview	UNKNOWN STEP	2026-09-27T17:55:57.3291008Z Unpacking librav1e0:amd64 (0.7.1-2) ...
authoring-preview	UNKNOWN STEP	2026-09-27T17:55:57.3589903Z Selecting previously unselected package librsvg2-2:amd64.
authoring-preview	UNKNOWN STEP	2026-09-27T17:55:57.3712461Z Preparing to unpack .../032-librsvg2-2_2.58.0+dfsg-1build1_amd64.deb ...
authoring-preview	UNKNOWN STEP	2026-09-27T17:55:57.3719108Z Unpacking librsvg2-2:amd64 (2.58.0+dfsg-1build1) ...
authoring-preview	UNKNOWN STEP	2026-09-27T17:55:57.4172009Z Selecting previously unselected package libshine3:amd64.
authoring-preview	UNKNOWN STEP	2026-09-27T17:55:57.4295180Z Preparing to unpack .../033-libshine3_3.1.1-2build1_amd64.deb ...
authoring-preview	UNKNOWN STEP	2026-09-27T17:55:57.4301355Z Unpacking libshine3:amd64 (3.1.1-2build1) ...
authoring-preview	UNKNOWN STEP	2026-09-27T17:55:57.4488994Z Selecting previously unselected package libspeex1:amd64.
authoring-preview	UNKNOWN STEP	2026-09-27T17:55:57.4610287Z Preparing to unpack .../034-libspeex1_1.2.1-2ubuntu2.24.04.1_amd64.deb ...
authoring-preview	UNKNOWN STEP	2026-09-27T17:55:57.4617310Z Unpacking libspeex1:amd64 (1.2.1-2ubuntu2.24.04.1) ...
authoring-preview	UNKNOWN STEP	2026-09-27T17:55:57.4809183Z Selecting previously unselected package libsvtav1enc1d1:amd64.
authoring-preview	UNKNOWN STEP	2026-09-27T17:55:57.4930099Z Preparing to unpack .../035-libsvtav1enc1d1_1.7.0+dfsg-2build1_amd64.deb ...
authoring-preview	UNKNOWN STEP	2026-09-27T17:55:57.4939517Z Unpacking libsvtav1enc1d1:amd64 (1.7.0+dfsg-2build1) ...
authoring-preview	UNKNOWN STEP	2026-09-27T17:55:57.5383393Z Selecting previously unselected package libsoxr0:amd64.
authoring-preview	UNKNOWN STEP	2026-09-27T17:55:57.5506634Z Preparing to unpack .../036-libsoxr0_0.1.3-4build3_amd64.deb ...
authoring-preview	UNKNOWN STEP	2026-09-27T17:55:57.5513187Z Unpacking libsoxr0:amd64 (0.1.3-4build3) ...
authoring-preview	UNKNOWN STEP	2026-09-27T17:55:57.5712266Z Selecting previously unselected package libswresample4:amd64.
authoring-preview	UNKNOWN STEP	2026-09-27T17:55:57.5835717Z Preparing to unpack .../037-libswresample4_7%3a6.1.1-3ubuntu5_amd64.deb ...
authoring-preview	UNKNOWN STEP	2026-09-27T17:55:57.5843127Z Unpacking libswresample4:amd64 (7:6.1.1-3ubuntu5) ...
authoring-preview	UNKNOWN STEP	2026-09-27T17:55:57.6038080Z Selecting previously unselected package libtheora0:amd64.
authoring-preview	UNKNOWN STEP	2026-09-27T17:55:57.6162070Z Preparing to unpack .../038-libtheora0_1.1.1+dfsg.1-16.1build3_amd64.deb ...
authoring-preview	UNKNOWN STEP	2026-09-27T17:55:57.6168921Z Unpacking libtheora0:amd64 (1.1.1+dfsg.1-16.1build3) ...
authoring-preview	UNKNOWN STEP	2026-09-27T17:55:57.6394065Z Selecting previously unselected package libtwolame0:amd64.
authoring-preview	UNKNOWN STEP	2026-09-27T17:55:57.6518942Z Preparing to unpack .../039-libtwolame0_0.4.0-2build3_amd64.deb ...
authoring-preview	UNKNOWN STEP	2026-09-27T17:55:57.6526638Z Unpacking libtwolame0:amd64 (0.4.0-2build3) ...
authoring-preview	UNKNOWN STEP	2026-09-27T17:55:57.6722806Z Selecting previously unselected package libvorbisenc2:amd64.
authoring-preview	UNKNOWN STEP	2026-09-27T17:55:57.6849673Z Preparing to unpack .../040-libvorbisenc2_1.3.7-1build3_amd64.deb ...
authoring-preview	UNKNOWN STEP	2026-09-27T17:55:57.6858247Z Unpacking libvorbisenc2:amd64 (1.3.7-1build3) ...
authoring-preview	UNKNOWN STEP	2026-09-27T17:55:57.7066397Z Selecting previously unselected package libvpx9:amd64.
authoring-preview	UNKNOWN STEP	2026-09-27T17:55:57.7186431Z Preparing to unpack .../041-libvpx9_1.14.0-1ubuntu2.3_amd64.deb ...
authoring-preview	UNKNOWN STEP	2026-09-27T17:55:57.7192876Z Unpacking libvpx9:amd64 (1.14.0-1ubuntu2.3) ...
authoring-preview	UNKNOWN STEP	2026-09-27T17:55:57.7497908Z Selecting previously unselected package libx264-164:amd64.
authoring-preview	UNKNOWN STEP	2026-09-27T17:55:57.7626113Z Preparing to unpack .../042-libx264-164_2%3a0.164.3108+git31e19f9-1_amd64.deb ...
authoring-preview	UNKNOWN STEP	2026-09-27T17:55:57.7633598Z Unpacking libx264-164:amd64 (2:0.164.3108+git31e19f9-1) ...
authoring-preview	UNKNOWN STEP	2026-09-27T17:55:57.7887028Z Selecting previously unselected package libx265-199:amd64.
authoring-preview	UNKNOWN STEP	2026-09-27T17:55:57.8010292Z Preparing to unpack .../043-libx265-199_3.5-2build1_amd64.deb ...
authoring-preview	UNKNOWN STEP	2026-09-27T17:55:57.8017628Z Unpacking libx265-199:amd64 (3.5-2build1) ...
authoring-preview	UNKNOWN STEP	2026-09-27T17:55:57.8637104Z Selecting previously unselected package libxvidcore4:amd64.
authoring-preview	UNKNOWN STEP	2026-09-27T17:55:57.8763479Z Preparing to unpack .../044-libxvidcore4_2%3a1.3.7-1build1_amd64.deb ...
authoring-preview	UNKNOWN STEP	2026-09-27T17:55:57.8770450Z Unpacking libxvidcore4:amd64 (2:1.3.7-1build1) ...
authoring-preview	UNKNOWN STEP	2026-09-27T17:55:57.8973901Z Selecting previously unselected package libzvbi-common.
authoring-preview	UNKNOWN STEP	2026-09-27T17:55:57.9106288Z Preparing to unpack .../045-libzvbi-common_0.2.42-2_all.deb ...
authoring-preview	UNKNOWN STEP	2026-09-27T17:55:57.9113584Z Unpacking libzvbi-common (0.2.42-2) ...
authoring-preview	UNKNOWN STEP	2026-09-27T17:55:57.9715627Z Selecting previously unselected package libzvbi0t64:amd64.
authoring-preview	UNKNOWN STEP	2026-09-27T17:55:57.9837413Z Preparing to unpack .../046-libzvbi0t64_0.2.42-2_amd64.deb ...
authoring-preview	UNKNOWN STEP	2026-09-27T17:55:57.9844811Z Unpacking libzvbi0t64:amd64 (0.2.42-2) ...
authoring-preview	UNKNOWN STEP	2026-09-27T17:55:58.0066667Z Selecting previously unselected package libavcodec60:amd64.
authoring-preview	UNKNOWN STEP	2026-09-27T17:55:58.0192106Z Preparing to unpack .../047-libavcodec60_7%3a6.1.1-3ubuntu5_amd64.deb ...
authoring-preview	UNKNOWN STEP	2026-09-27T17:55:58.0199316Z Unpacking libavcodec60:amd64 (7:6.1.1-3ubuntu5) ...
authoring-preview	UNKNOWN STEP	2026-09-27T17:55:58.0999118Z Selecting previously unselected package libunibreak5:amd64.
authoring-preview	UNKNOWN STEP	2026-09-27T17:55:58.1126710Z Preparing to unpack .../048-libunibreak5_5.1-2build1_amd64.deb ...
authoring-preview	UNKNOWN STEP	2026-09-27T17:55:58.1134289Z Unpacking libunibreak5:amd64 (5.1-2build1) ...
authoring-preview	UNKNOWN STEP	2026-09-27T17:55:58.1334460Z Selecting previously unselected package libass9:amd64.
authoring-preview	UNKNOWN STEP	2026-09-27T17:55:58.1460854Z Preparing to unpack .../049-libass9_1%3a0.17.1-2build1_amd64.deb ...
authoring-preview	UNKNOWN STEP	2026-09-27T17:55:58.1467901Z Unpacking libass9:amd64 (1:0.17.1-2build1) ...
authoring-preview	UNKNOWN STEP	2026-09-27T17:55:58.1670795Z Selecting previously unselected package libudfread0:amd64.
authoring-preview	UNKNOWN STEP	2026-09-27T17:55:58.1799430Z Preparing to unpack .../050-libudfread0_1.1.2-1build1_amd64.deb ...
authoring-preview	UNKNOWN STEP	2026-09-27T17:55:58.1806694Z Unpacking libudfread0:amd64 (1.1.2-1build1) ...
authoring-preview	UNKNOWN STEP	2026-09-27T17:55:58.2001371Z Selecting previously unselected package libbluray2:amd64.
authoring-preview	UNKNOWN STEP	2026-09-27T17:55:58.2123510Z Preparing to unpack .../051-libbluray2_1%3a1.3.4-1build1_amd64.deb ...
authoring-preview	UNKNOWN STEP	2026-09-27T17:55:58.2130590Z Unpacking libbluray2:amd64 (1:1.3.4-1build1) ...
authoring-preview	UNKNOWN STEP	2026-09-27T17:55:58.2344145Z Selecting previously unselected package libchromaprint1:amd64.
authoring-preview	UNKNOWN STEP	2026-09-27T17:55:58.2467060Z Preparing to unpack .../052-libchromaprint1_1.5.1-5_amd64.deb ...
authoring-preview	UNKNOWN STEP	2026-09-27T17:55:58.2474870Z Unpacking libchromaprint1:amd64 (1.5.1-5) ...
authoring-preview	UNKNOWN STEP	2026-09-27T17:55:58.2666672Z Selecting previously unselected package libgme0:amd64.
authoring-preview	UNKNOWN STEP	2026-09-27T17:55:58.2787595Z Preparing to unpack .../053-libgme0_0.6.3-7build1_amd64.deb ...
authoring-preview	UNKNOWN STEP	2026-09-27T17:55:58.2796089Z Unpacking libgme0:amd64 (0.6.3-7build1) ...
authoring-preview	UNKNOWN STEP	2026-09-27T17:55:58.3312892Z Selecting previously unselected package libmpg123-0t64:amd64.
authoring-preview	UNKNOWN STEP	2026-09-27T17:55:58.3435461Z Preparing to unpack .../054-libmpg123-0t64_1.32.5-1ubuntu1.1_amd64.deb ...
authoring-preview	UNKNOWN STEP	2026-09-27T17:55:58.3442177Z Unpacking libmpg123-0t64:amd64 (1.32.5-1ubuntu1.1) ...
authoring-preview	UNKNOWN STEP	2026-09-27T17:55:58.3668748Z Selecting previously unselected package libopenmpt0t64:amd64.
authoring-preview	UNKNOWN STEP	2026-09-27T17:55:58.3791748Z Preparing to unpack .../055-libopenmpt0t64_0.7.3-1.1build3_amd64.deb ...
authoring-preview	UNKNOWN STEP	2026-09-27T17:55:58.3798539Z Unpacking libopenmpt0t64:amd64 (0.7.3-1.1build3) ...
authoring-preview	UNKNOWN STEP	2026-09-27T17:55:58.4052518Z Selecting previously unselected package libcjson1:amd64.
authoring-preview	UNKNOWN STEP	2026-09-27T17:55:58.4174790Z Preparing to unpack .../056-libcjson1_1.7.17-1_amd64.deb ...
authoring-preview	UNKNOWN STEP	2026-09-27T17:55:58.4181707Z Unpacking libcjson1:amd64 (1.7.17-1) ...
authoring-preview	UNKNOWN STEP	2026-09-27T17:55:58.4377756Z Selecting previously unselected package libmbedcrypto7t64:amd64.
authoring-preview	UNKNOWN STEP	2026-09-27T17:55:58.4498847Z Preparing to unpack .../057-libmbedcrypto7t64_2.28.8-1_amd64.deb ...
authoring-preview	UNKNOWN STEP	2026-09-27T17:55:58.4505888Z Unpacking libmbedcrypto7t64:amd64 (2.28.8-1) ...
authoring-preview	UNKNOWN STEP	2026-09-27T17:55:58.4745493Z Selecting previously unselected package librist4:amd64.
authoring-preview	UNKNOWN STEP	2026-09-27T17:55:58.4865725Z Preparing to unpack .../058-librist4_0.2.10+dfsg-2_amd64.deb ...
authoring-preview	UNKNOWN STEP	2026-09-27T17:55:58.4873138Z Unpacking librist4:amd64 (0.2.10+dfsg-2) ...
authoring-preview	UNKNOWN STEP	2026-09-27T17:55:58.5062049Z Selecting previously unselected package libsrt1.5-gnutls:amd64.
authoring-preview	UNKNOWN STEP	2026-09-27T17:55:58.5185718Z Preparing to unpack .../059-libsrt1.5-gnutls_1.5.3-1build2_amd64.deb ...
authoring-preview	UNKNOWN STEP	2026-09-27T17:55:58.5193346Z Unpacking libsrt1.5-gnutls:amd64 (1.5.3-1build2) ...
authoring-preview	UNKNOWN STEP	2026-09-27T17:55:58.5429630Z Selecting previously unselected package libssh-gcrypt-4:amd64.
authoring-preview	UNKNOWN STEP	2026-09-27T17:55:58.5556013Z Preparing to unpack .../060-libssh-gcrypt-4_0.10.6-2ubuntu0.5_amd64.deb ...
authoring-preview	UNKNOWN STEP	2026-09-27T17:55:58.5564763Z Unpacking libssh-gcrypt-4:amd64 (0.10.6-2ubuntu0.5) ...
authoring-preview	UNKNOWN STEP	2026-09-27T17:55:58.5824326Z Selecting previously unselected package libavformat60:amd64.
authoring-preview	UNKNOWN STEP	2026-09-27T17:55:58.5947632Z Preparing to unpack .../061-libavformat60_7%3a6.1.1-3ubuntu5_amd64.deb ...
authoring-preview	UNKNOWN STEP	2026-09-27T17:55:58.5956083Z Unpacking libavformat60:amd64 (7:6.1.1-3ubuntu5) ...
authoring-preview	UNKNOWN STEP	2026-09-27T17:55:58.6249697Z Selecting previously unselected package libbs2b0:amd64.
authoring-preview	UNKNOWN STEP	2026-09-27T17:55:58.6371009Z Preparing to unpack .../062-libbs2b0_3.1.0+dfsg-7build1_amd64.deb ...
authoring-preview	UNKNOWN STEP	2026-09-27T17:55:58.6378980Z Unpacking libbs2b0:amd64 (3.1.0+dfsg-7build1) ...
authoring-preview	UNKNOWN STEP	2026-09-27T17:55:58.6593348Z Selecting previously unselected package libflite1:amd64.
authoring-preview	UNKNOWN STEP	2026-09-27T17:55:58.6717750Z Preparing to unpack .../063-libflite1_2.2-6build3_amd64.deb ...
authoring-preview	UNKNOWN STEP	2026-09-27T17:55:58.6725355Z Unpacking libflite1:amd64 (2.2-6build3) ...
authoring-preview	UNKNOWN STEP	2026-09-27T17:55:58.7847019Z Selecting previously unselected package libserd-0-0:amd64.
authoring-preview	UNKNOWN STEP	2026-09-27T17:55:58.7973029Z Preparing to unpack .../064-libserd-0-0_0.32.2-1_amd64.deb ...
authoring-preview	UNKNOWN STEP	2026-09-27T17:55:58.7981573Z Unpacking libserd-0-0:amd64 (0.32.2-1) ...
authoring-preview	UNKNOWN STEP	2026-09-27T17:55:58.8180414Z Selecting previously unselected package libzix-0-0:amd64.
authoring-preview	UNKNOWN STEP	2026-09-27T17:55:58.8302901Z Preparing to unpack .../065-libzix-0-0_0.4.2-2build1_amd64.deb ...
authoring-preview	UNKNOWN STEP	2026-09-27T17:55:58.8312496Z Unpacking libzix-0-0:amd64 (0.4.2-2build1) ...
authoring-preview	UNKNOWN STEP	2026-09-27T17:55:58.8511497Z Selecting previously unselected package libsord-0-0:amd64.
authoring-preview	UNKNOWN STEP	2026-09-27T17:55:58.8638452Z Preparing to unpack .../066-libsord-0-0_0.16.16-2build1_amd64.deb ...
authoring-preview	UNKNOWN STEP	2026-09-27T17:55:58.8650017Z Unpacking libsord-0-0:amd64 (0.16.16-2build1) ...
authoring-preview	UNKNOWN STEP	2026-09-27T17:55:58.8852953Z Selecting previously unselected package libsratom-0-0:amd64.
authoring-preview	UNKNOWN STEP	2026-09-27T17:55:58.8976250Z Preparing to unpack .../067-libsratom-0-0_0.6.16-1build1_amd64.deb ...
authoring-preview	UNKNOWN STEP	2026-09-27T17:55:58.8989296Z Unpacking libsratom-0-0:amd64 (0.6.16-1build1) ...
authoring-preview	UNKNOWN STEP	2026-09-27T17:55:58.9203516Z Selecting previously unselected package liblilv-0-0:amd64.
authoring-preview	UNKNOWN STEP	2026-09-27T17:55:58.9327740Z Preparing to unpack .../068-liblilv-0-0_0.24.22-1build1_amd64.deb ...
authoring-preview	UNKNOWN STEP	2026-09-27T17:55:58.9339268Z Unpacking liblilv-0-0:amd64 (0.24.22-1build1) ...
authoring-preview	UNKNOWN STEP	2026-09-27T17:55:58.9544199Z Selecting previously unselected package libmysofa1:amd64.
authoring-preview	UNKNOWN STEP	2026-09-27T17:55:58.9669025Z Preparing to unpack .../069-libmysofa1_1.3.2+dfsg-2ubuntu2_amd64.deb ...
authoring-preview	UNKNOWN STEP	2026-09-27T17:55:58.9675957Z Unpacking libmysofa1:amd64 (1.3.2+dfsg-2ubuntu2) ...
authoring-preview	UNKNOWN STEP	2026-09-27T17:55:58.9911986Z Selecting previously unselected package libplacebo338:amd64.
authoring-preview	UNKNOWN STEP	2026-09-27T17:55:59.0036049Z Preparing to unpack .../070-libplacebo338_6.338.2-2build1_amd64.deb ...
authoring-preview	UNKNOWN STEP	2026-09-27T17:55:59.0044389Z Unpacking libplacebo338:amd64 (6.338.2-2build1) ...
authoring-preview	UNKNOWN STEP	2026-09-27T17:55:59.0590615Z Selecting previously unselected package libblas3:amd64.
authoring-preview	UNKNOWN STEP	2026-09-27T17:55:59.0715648Z Preparing to unpack .../071-libblas3_3.12.0-3build1.1_amd64.deb ...
authoring-preview	UNKNOWN STEP	2026-09-27T17:55:59.0744898Z Unpacking libblas3:amd64 (3.12.0-3build1.1) ...
authoring-preview	UNKNOWN STEP	2026-09-27T17:55:59.0983552Z Selecting previously unselected package liblapack3:amd64.
authoring-preview	UNKNOWN STEP	2026-09-27T17:55:59.1108558Z Preparing to unpack .../072-liblapack3_3.12.0-3build1.1_amd64.deb ...
authoring-preview	UNKNOWN STEP	2026-09-27T17:55:59.1138387Z Unpacking liblapack3:amd64 (3.12.0-3build1.1) ...
authoring-preview	UNKNOWN STEP	2026-09-27T17:55:59.1608882Z Selecting previously unselected package libasyncns0:amd64.
authoring-preview	UNKNOWN STEP	2026-09-27T17:55:59.1733617Z Preparing to unpack .../073-libasyncns0_0.8-6build4_amd64.deb ...
authoring-preview	UNKNOWN STEP	2026-09-27T17:55:59.1741295Z Unpacking libasyncns0:amd64 (0.8-6build4) ...
authoring-preview	UNKNOWN STEP	2026-09-27T17:55:59.1942212Z Selecting previously unselected package libflac12t64:amd64.
authoring-preview	UNKNOWN STEP	2026-09-27T17:55:59.2064981Z Preparing to unpack .../074-libflac12t64_1.4.3+ds-2.1ubuntu2_amd64.deb ...
authoring-preview	UNKNOWN STEP	2026-09-27T17:55:59.2076588Z Unpacking libflac12t64:amd64 (1.4.3+ds-2.1ubuntu2) ...
authoring-preview	UNKNOWN STEP	2026-09-27T17:55:59.2328513Z Selecting previously unselected package libsndfile1:amd64.
authoring-preview	UNKNOWN STEP	2026-09-27T17:55:59.2456596Z Preparing to unpack .../075-libsndfile1_1.2.2-1ubuntu5.24.04.1_amd64.deb ...
authoring-preview	UNKNOWN STEP	2026-09-27T17:55:59.2464370Z Unpacking libsndfile1:amd64 (1.2.2-1ubuntu5.24.04.1) ...
authoring-preview	UNKNOWN STEP	2026-09-27T17:55:59.2730112Z Selecting previously unselected package libpulse0:amd64.
authoring-preview	UNKNOWN STEP	2026-09-27T17:55:59.2856961Z Preparing to unpack .../076-libpulse0_1%3a16.1+dfsg1-2ubuntu10.1_amd64.deb ...
authoring-preview	UNKNOWN STEP	2026-09-27T17:55:59.2917138Z Unpacking libpulse0:amd64 (1:16.1+dfsg1-2ubuntu10.1) ...
authoring-preview	UNKNOWN STEP	2026-09-27T17:55:59.3680210Z Selecting previously unselected package libsphinxbase3t64:amd64.
authoring-preview	UNKNOWN STEP	2026-09-27T17:55:59.3805189Z Preparing to unpack .../077-libsphinxbase3t64_0.8+5prealpha+1-17build2_amd64.deb ...
authoring-preview	UNKNOWN STEP	2026-09-27T17:55:59.3812185Z Unpacking libsphinxbase3t64:amd64 (0.8+5prealpha+1-17build2) ...
authoring-preview	UNKNOWN STEP	2026-09-27T17:55:59.4028262Z Selecting previously unselected package libpocketsphinx3:amd64.
authoring-preview	UNKNOWN STEP	2026-09-27T17:55:59.4149964Z Preparing to unpack .../078-libpocketsphinx3_0.8.0+real5prealpha+1-15ubuntu5_amd64.deb ...
authoring-preview	UNKNOWN STEP	2026-09-27T17:55:59.4156798Z Unpacking libpocketsphinx3:amd64 (0.8.0+real5prealpha+1-15ubuntu5) ...
authoring-preview	UNKNOWN STEP	2026-09-27T17:55:59.4398987Z Selecting previously unselected package libpostproc57:amd64.
authoring-preview	UNKNOWN STEP	2026-09-27T17:55:59.4523918Z Preparing to unpack .../079-libpostproc57_7%3a6.1.1-3ubuntu5_amd64.deb ...
authoring-preview	UNKNOWN STEP	2026-09-27T17:55:59.4534654Z Unpacking libpostproc57:amd64 (7:6.1.1-3ubuntu5) ...
authoring-preview	UNKNOWN STEP	2026-09-27T17:55:59.4771627Z Selecting previously unselected package libsamplerate0:amd64.
authoring-preview	UNKNOWN STEP	2026-09-27T17:55:59.4895359Z Preparing to unpack .../080-libsamplerate0_0.2.2-4build1_amd64.deb ...
authoring-preview	UNKNOWN STEP	2026-09-27T17:55:59.4903624Z Unpacking libsamplerate0:amd64 (0.2.2-4build1) ...
authoring-preview	UNKNOWN STEP	2026-09-27T17:55:59.5147467Z Selecting previously unselected package librubberband2:amd64.
authoring-preview	UNKNOWN STEP	2026-09-27T17:55:59.5270580Z Preparing to unpack .../081-librubberband2_3.3.0+dfsg-2build1_amd64.deb ...
authoring-preview	UNKNOWN STEP	2026-09-27T17:55:59.5277810Z Unpacking librubberband2:amd64 (3.3.0+dfsg-2build1) ...
authoring-preview	UNKNOWN STEP	2026-09-27T17:55:59.5493449Z Selecting previously unselected package libswscale7:amd64.
authoring-preview	UNKNOWN STEP	2026-09-27T17:55:59.5614805Z Preparing to unpack .../082-libswscale7_7%3a6.1.1-3ubuntu5_amd64.deb ...
authoring-preview	UNKNOWN STEP	2026-09-27T17:55:59.5622613Z Unpacking libswscale7:amd64 (7:6.1.1-3ubuntu5) ...
authoring-preview	UNKNOWN STEP	2026-09-27T17:55:59.5851283Z Selecting previously unselected package libvidstab1.1:amd64.
authoring-preview	UNKNOWN STEP	2026-09-27T17:55:59.5973840Z Preparing to unpack .../083-libvidstab1.1_1.1.0-2build1_amd64.deb ...
authoring-preview	UNKNOWN STEP	2026-09-27T17:55:59.5984868Z Unpacking libvidstab1.1:amd64 (1.1.0-2build1) ...
authoring-preview	UNKNOWN STEP	2026-09-27T17:55:59.6180946Z Selecting previously unselected package libzimg2:amd64.
authoring-preview	UNKNOWN STEP	2026-09-27T17:55:59.6303279Z Preparing to unpack .../084-libzimg2_3.0.5+ds1-1build1_amd64.deb ...
authoring-preview	UNKNOWN STEP	2026-09-27T17:55:59.6310626Z Unpacking libzimg2:amd64 (3.0.5+ds1-1build1) ...
authoring-preview	UNKNOWN STEP	2026-09-27T17:55:59.6545064Z Selecting previously unselected package libavfilter9:amd64.
authoring-preview	UNKNOWN STEP	2026-09-27T17:55:59.6666761Z Preparing to unpack .../085-libavfilter9_7%3a6.1.1-3ubuntu5_amd64.deb ...
authoring-preview	UNKNOWN STEP	2026-09-27T17:55:59.6674346Z Unpacking libavfilter9:amd64 (7:6.1.1-3ubuntu5) ...
authoring-preview	UNKNOWN STEP	2026-09-27T17:55:59.7386649Z Selecting previously unselected package liborc-0.4-0t64:amd64.
authoring-preview	UNKNOWN STEP	2026-09-27T17:55:59.7509564Z Preparing to unpack .../086-liborc-0.4-0t64_1%3a0.4.38-1ubuntu0.1_amd64.deb ...
authoring-preview	UNKNOWN STEP	2026-09-27T17:55:59.7532632Z Unpacking liborc-0.4-0t64:amd64 (1:0.4.38-1ubuntu0.1) ...
authoring-preview	UNKNOWN STEP	2026-09-27T17:55:59.7760615Z Selecting previously unselected package libgstreamer-plugins-base1.0-0:amd64.
authoring-preview	UNKNOWN STEP	2026-09-27T17:55:59.7882233Z Preparing to unpack .../087-libgstreamer-plugins-base1.0-0_1.24.2-1ubuntu0.5_amd64.deb ...
authoring-preview	UNKNOWN STEP	2026-09-27T17:55:59.7891968Z Unpacking libgstreamer-plugins-base1.0-0:amd64 (1.24.2-1ubuntu0.5) ...
authoring-preview	UNKNOWN STEP	2026-09-27T17:55:59.8208146Z Selecting previously unselected package gstreamer1.0-libav:amd64.
authoring-preview	UNKNOWN STEP	2026-09-27T17:55:59.8330651Z Preparing to unpack .../088-gstreamer1.0-libav_1.24.1-1build1_amd64.deb ...
authoring-preview	UNKNOWN STEP	2026-09-27T17:55:59.8337073Z Unpacking gstreamer1.0-libav:amd64 (1.24.1-1build1) ...
authoring-preview	UNKNOWN STEP	2026-09-27T17:55:59.8547740Z Selecting previously unselected package libcdparanoia0:amd64.
authoring-preview	UNKNOWN STEP	2026-09-27T17:55:59.8670392Z Preparing to unpack .../089-libcdparanoia0_3.10.2+debian-14build3_amd64.deb ...
authoring-preview	UNKNOWN STEP	2026-09-27T17:55:59.8678191Z Unpacking libcdparanoia0:amd64 (3.10.2+debian-14build3) ...
authoring-preview	UNKNOWN STEP	2026-09-27T17:55:59.8894407Z Selecting previously unselected package libvisual-0.4-0:amd64.
authoring-preview	UNKNOWN STEP	2026-09-27T17:55:59.9016331Z Preparing to unpack .../090-libvisual-0.4-0_0.4.2-2build1_amd64.deb ...
authoring-preview	UNKNOWN STEP	2026-09-27T17:55:59.9023838Z Unpacking libvisual-0.4-0:amd64 (0.4.2-2build1) ...
authoring-preview	UNKNOWN STEP	2026-09-27T17:55:59.9246550Z Selecting previously unselected package gstreamer1.0-plugins-base:amd64.
authoring-preview	UNKNOWN STEP	2026-09-27T17:55:59.9368424Z Preparing to unpack .../091-gstreamer1.0-plugins-base_1.24.2-1ubuntu0.5_amd64.deb ...
authoring-preview	UNKNOWN STEP	2026-09-27T17:55:59.9375203Z Unpacking gstreamer1.0-plugins-base:amd64 (1.24.2-1ubuntu0.5) ...
authoring-preview	UNKNOWN STEP	2026-09-27T17:55:59.9809208Z Selecting previously unselected package libaa1:amd64.
authoring-preview	UNKNOWN STEP	2026-09-27T17:55:59.9965824Z Preparing to unpack .../092-libaa1_1.4p5-51.1_amd64.deb ...
authoring-preview	UNKNOWN STEP	2026-09-27T17:55:59.9974028Z Unpacking libaa1:amd64 (1.4p5-51.1) ...
authoring-preview	UNKNOWN STEP	2026-09-27T17:56:00.0186939Z Selecting previously unselected package libraw1394-11:amd64.
authoring-preview	UNKNOWN STEP	2026-09-27T17:56:00.0311078Z Preparing to unpack .../093-libraw1394-11_2.1.2-2build3_amd64.deb ...
authoring-preview	UNKNOWN STEP	2026-09-27T17:56:00.0319238Z Unpacking libraw1394-11:amd64 (2.1.2-2build3) ...
authoring-preview	UNKNOWN STEP	2026-09-27T17:56:00.0537845Z Selecting previously unselected package libavc1394-0:amd64.
authoring-preview	UNKNOWN STEP	2026-09-27T17:56:00.0660486Z Preparing to unpack .../094-libavc1394-0_0.5.4-5build3_amd64.deb ...
authoring-preview	UNKNOWN STEP	2026-09-27T17:56:00.0668962Z Unpacking libavc1394-0:amd64 (0.5.4-5build3) ...
authoring-preview	UNKNOWN STEP	2026-09-27T17:56:00.0872576Z Selecting previously unselected package libcaca0:amd64.
authoring-preview	UNKNOWN STEP	2026-09-27T17:56:00.0994056Z Preparing to unpack .../095-libcaca0_0.99.beta20-4ubuntu0.2_amd64.deb ...
authoring-preview	UNKNOWN STEP	2026-09-27T17:56:00.1004214Z Unpacking libcaca0:amd64 (0.99.beta20-4ubuntu0.2) ...
authoring-preview	UNKNOWN STEP	2026-09-27T17:56:00.1239501Z Selecting previously unselected package libdv4t64:amd64.
authoring-preview	UNKNOWN STEP	2026-09-27T17:56:00.1362508Z Preparing to unpack .../096-libdv4t64_1.0.0-17.1build1_amd64.deb ...
authoring-preview	UNKNOWN STEP	2026-09-27T17:56:00.1371359Z Unpacking libdv4t64:amd64 (1.0.0-17.1build1) ...
authoring-preview	UNKNOWN STEP	2026-09-27T17:56:00.1587943Z Selecting previously unselected package libgstreamer-plugins-good1.0-0:amd64.
authoring-preview	UNKNOWN STEP	2026-09-27T17:56:00.1708878Z Preparing to unpack .../097-libgstreamer-plugins-good1.0-0_1.24.2-1ubuntu1.7_amd64.deb ...
authoring-preview	UNKNOWN STEP	2026-09-27T17:56:00.1716743Z Unpacking libgstreamer-plugins-good1.0-0:amd64 (1.24.2-1ubuntu1.7) ...
authoring-preview	UNKNOWN STEP	2026-09-27T17:56:00.1936810Z Selecting previously unselected package libiec61883-0:amd64.
authoring-preview	UNKNOWN STEP	2026-09-27T17:56:00.2075932Z Preparing to unpack .../098-libiec61883-0_1.2.0-6build1_amd64.deb ...
authoring-preview	UNKNOWN STEP	2026-09-27T17:56:00.2084082Z Unpacking libiec61883-0:amd64 (1.2.0-6build1) ...
authoring-preview	UNKNOWN STEP	2026-09-27T17:56:00.2283144Z Selecting previously unselected package libshout3:amd64.
authoring-preview	UNKNOWN STEP	2026-09-27T17:56:00.2403355Z Preparing to unpack .../099-libshout3_2.4.6-1build2_amd64.deb ...
authoring-preview	UNKNOWN STEP	2026-09-27T17:56:00.2410588Z Unpacking libshout3:amd64 (2.4.6-1build2) ...
authoring-preview	UNKNOWN STEP	2026-09-27T17:56:00.2616842Z Selecting previously unselected package libtag1v5-vanilla:amd64.
authoring-preview	UNKNOWN STEP	2026-09-27T17:56:00.2736517Z Preparing to unpack .../100-libtag1v5-vanilla_1.13.1-1build1_amd64.deb ...
authoring-preview	UNKNOWN STEP	2026-09-27T17:56:00.2744262Z Unpacking libtag1v5-vanilla:amd64 (1.13.1-1build1) ...
authoring-preview	UNKNOWN STEP	2026-09-27T17:56:00.2970930Z Selecting previously unselected package libtag1v5:amd64.
authoring-preview	UNKNOWN STEP	2026-09-27T17:56:00.3091837Z Preparing to unpack .../101-libtag1v5_1.13.1-1build1_amd64.deb ...
authoring-preview	UNKNOWN STEP	2026-09-27T17:56:00.3098040Z Unpacking libtag1v5:amd64 (1.13.1-1build1) ...
authoring-preview	UNKNOWN STEP	2026-09-27T17:56:00.3295075Z Selecting previously unselected package libv4lconvert0t64:amd64.
authoring-preview	UNKNOWN STEP	2026-09-27T17:56:00.3414899Z Preparing to unpack .../102-libv4lconvert0t64_1.26.1-4build3_amd64.deb ...
authoring-preview	UNKNOWN STEP	2026-09-27T17:56:00.3422572Z Unpacking libv4lconvert0t64:amd64 (1.26.1-4build3) ...
authoring-preview	UNKNOWN STEP	2026-09-27T17:56:00.3648973Z Selecting previously unselected package libv4l-0t64:amd64.
authoring-preview	UNKNOWN STEP	2026-09-27T17:56:00.3767191Z Preparing to unpack .../103-libv4l-0t64_1.26.1-4build3_amd64.deb ...
authoring-preview	UNKNOWN STEP	2026-09-27T17:56:00.3774724Z Unpacking libv4l-0t64:amd64 (1.26.1-4build3) ...
authoring-preview	UNKNOWN STEP	2026-09-27T17:56:00.4003053Z Selecting previously unselected package libwavpack1:amd64.
authoring-preview	UNKNOWN STEP	2026-09-27T17:56:00.4120854Z Preparing to unpack .../104-libwavpack1_5.6.0-1build1_amd64.deb ...
authoring-preview	UNKNOWN STEP	2026-09-27T17:56:00.4127907Z Unpacking libwavpack1:amd64 (5.6.0-1build1) ...
authoring-preview	UNKNOWN STEP	2026-09-27T17:56:00.4317784Z Selecting previously unselected package libsoup-3.0-common.
authoring-preview	UNKNOWN STEP	2026-09-27T17:56:00.4437445Z Preparing to unpack .../105-libsoup-3.0-common_3.4.4-5ubuntu0.8_all.deb ...
authoring-preview	UNKNOWN STEP	2026-09-27T17:56:00.4444008Z Unpacking libsoup-3.0-common (3.4.4-5ubuntu0.8) ...
authoring-preview	UNKNOWN STEP	2026-09-27T17:56:00.4665798Z Selecting previously unselected package libsoup-3.0-0:amd64.
authoring-preview	UNKNOWN STEP	2026-09-27T17:56:00.4781648Z Preparing to unpack .../106-libsoup-3.0-0_3.4.4-5ubuntu0.8_amd64.deb ...
authoring-preview	UNKNOWN STEP	2026-09-27T17:56:00.4789193Z Unpacking libsoup-3.0-0:amd64 (3.4.4-5ubuntu0.8) ...
authoring-preview	UNKNOWN STEP	2026-09-27T17:56:00.5006329Z Selecting previously unselected package gstreamer1.0-plugins-good:amd64.
authoring-preview	UNKNOWN STEP	2026-09-27T17:56:00.5124356Z Preparing to unpack .../107-gstreamer1.0-plugins-good_1.24.2-1ubuntu1.7_amd64.deb ...
authoring-preview	UNKNOWN STEP	2026-09-27T17:56:00.5131358Z Unpacking gstreamer1.0-plugins-good:amd64 (1.24.2-1ubuntu1.7) ...
authoring-preview	UNKNOWN STEP	2026-09-27T17:56:00.5666370Z Selecting previously unselected package libabsl20220623t64:amd64.
authoring-preview	UNKNOWN STEP	2026-09-27T17:56:00.5790712Z Preparing to unpack .../108-libabsl20220623t64_20220623.1-3.1ubuntu3.2_amd64.deb ...
authoring-preview	UNKNOWN STEP	2026-09-27T17:56:00.5798264Z Unpacking libabsl20220623t64:amd64 (20220623.1-3.1ubuntu3.2) ...
authoring-preview	UNKNOWN STEP	2026-09-27T17:56:00.6184041Z Selecting previously unselected package libgav1-1:amd64.
authoring-preview	UNKNOWN STEP	2026-09-27T17:56:00.6305861Z Preparing to unpack .../109-libgav1-1_0.18.0-1build3_amd64.deb ...
authoring-preview	UNKNOWN STEP	2026-09-27T17:56:00.6313219Z Unpacking libgav1-1:amd64 (0.18.0-1build3) ...
authoring-preview	UNKNOWN STEP	2026-09-27T17:56:00.6537725Z Selecting previously unselected package libyuv0:amd64.
authoring-preview	UNKNOWN STEP	2026-09-27T17:56:00.6659953Z Preparing to unpack .../110-libyuv0_0.0~git202401110.af6ac82-1_amd64.deb ...
authoring-preview	UNKNOWN STEP	2026-09-27T17:56:00.6673210Z Unpacking libyuv0:amd64 (0.0~git202401110.af6ac82-1) ...
authoring-preview	UNKNOWN STEP	2026-09-27T17:56:00.6888761Z Selecting previously unselected package libavif16:amd64.
authoring-preview	UNKNOWN STEP	2026-09-27T17:56:00.7010241Z Preparing to unpack .../111-libavif16_1.0.4-1ubuntu3_amd64.deb ...
authoring-preview	UNKNOWN STEP	2026-09-27T17:56:00.7017065Z Unpacking libavif16:amd64 (1.0.4-1ubuntu3) ...
authoring-preview	UNKNOWN STEP	2026-09-27T17:56:00.7216246Z Selecting previously unselected package libavtp0:amd64.
authoring-preview	UNKNOWN STEP	2026-09-27T17:56:00.7337045Z Preparing to unpack .../112-libavtp0_0.2.0-1build1_amd64.deb ...
authoring-preview	UNKNOWN STEP	2026-09-27T17:56:00.7343393Z Unpacking libavtp0:amd64 (0.2.0-1build1) ...
authoring-preview	UNKNOWN STEP	2026-09-27T17:56:00.7532358Z Selecting previously unselected package libcairo-script-interpreter2:amd64.
authoring-preview	UNKNOWN STEP	2026-09-27T17:56:00.7651757Z Preparing to unpack .../113-libcairo-script-interpreter2_1.18.0-3build1_amd64.deb ...
authoring-preview	UNKNOWN STEP	2026-09-27T17:56:00.7659270Z Unpacking libcairo-script-interpreter2:amd64 (1.18.0-3build1) ...
authoring-preview	UNKNOWN STEP	2026-09-27T17:56:00.7859678Z Selecting previously unselected package libdc1394-25:amd64.
authoring-preview	UNKNOWN STEP	2026-09-27T17:56:00.7981193Z Preparing to unpack .../114-libdc1394-25_2.2.6-4build1_amd64.deb ...
authoring-preview	UNKNOWN STEP	2026-09-27T17:56:00.7990036Z Unpacking libdc1394-25:amd64 (2.2.6-4build1) ...
authoring-preview	UNKNOWN STEP	2026-09-27T17:56:00.8192555Z Selecting previously unselected package libde265-0:amd64.
authoring-preview	UNKNOWN STEP	2026-09-27T17:56:00.8311960Z Preparing to unpack .../115-libde265-0_1.0.15-1ubuntu0.1_amd64.deb ...
authoring-preview	UNKNOWN STEP	2026-09-27T17:56:00.8318354Z Unpacking libde265-0:amd64 (1.0.15-1ubuntu0.1) ...
authoring-preview	UNKNOWN STEP	2026-09-27T17:56:00.8526473Z Selecting previously unselected package libdecor-0-0:amd64.
authoring-preview	UNKNOWN STEP	2026-09-27T17:56:00.8645165Z Preparing to unpack .../116-libdecor-0-0_0.2.2-1build2_amd64.deb ...
authoring-preview	UNKNOWN STEP	2026-09-27T17:56:00.8652871Z Unpacking libdecor-0-0:amd64 (0.2.2-1build2) ...
authoring-preview	UNKNOWN STEP	2026-09-27T17:56:00.8849959Z Selecting previously unselected package libgles2:amd64.
authoring-preview	UNKNOWN STEP	2026-09-27T17:56:00.8968082Z Preparing to unpack .../117-libgles2_1.7.0-1build1_amd64.deb ...
authoring-preview	UNKNOWN STEP	2026-09-27T17:56:00.8975318Z Unpacking libgles2:amd64 (1.7.0-1build1) ...
authoring-preview	UNKNOWN STEP	2026-09-27T17:56:00.9186939Z Selecting previously unselected package libdirectfb-1.7-7t64:amd64.
authoring-preview	UNKNOWN STEP	2026-09-27T17:56:00.9305516Z Preparing to unpack .../118-libdirectfb-1.7-7t64_1.7.7-11.1ubuntu2_amd64.deb ...
authoring-preview	UNKNOWN STEP	2026-09-27T17:56:00.9313875Z Unpacking libdirectfb-1.7-7t64:amd64 (1.7.7-11.1ubuntu2) ...
authoring-preview	UNKNOWN STEP	2026-09-27T17:56:00.9708104Z Selecting previously unselected package libdvdread8t64:amd64.
authoring-preview	UNKNOWN STEP	2026-09-27T17:56:00.9829875Z Preparing to unpack .../119-libdvdread8t64_6.1.3-1.1build1_amd64.deb ...
authoring-preview	UNKNOWN STEP	2026-09-27T17:56:00.9840299Z Unpacking libdvdread8t64:amd64 (6.1.3-1.1build1) ...
authoring-preview	UNKNOWN STEP	2026-09-27T17:56:01.0048156Z Selecting previously unselected package libdvdnav4:amd64.
authoring-preview	UNKNOWN STEP	2026-09-27T17:56:01.0171084Z Preparing to unpack .../120-libdvdnav4_6.1.1-3build1_amd64.deb ...
authoring-preview	UNKNOWN STEP	2026-09-27T17:56:01.0180412Z Unpacking libdvdnav4:amd64 (6.1.1-3build1) ...
authoring-preview	UNKNOWN STEP	2026-09-27T17:56:01.0388917Z Selecting previously unselected package libegl-mesa0:amd64.
authoring-preview	UNKNOWN STEP	2026-09-27T17:56:01.0510644Z Preparing to unpack .../121-libegl-mesa0_25.2.8-0ubuntu0.24.04.2_amd64.deb ...
authoring-preview	UNKNOWN STEP	2026-09-27T17:56:01.0518060Z Unpacking libegl-mesa0:amd64 (25.2.8-0ubuntu0.24.04.2) ...
authoring-preview	UNKNOWN STEP	2026-09-27T17:56:01.0748686Z Selecting previously unselected package libevent-2.1-7t64:amd64.
authoring-preview	UNKNOWN STEP	2026-09-27T17:56:01.0872741Z Preparing to unpack .../122-libevent-2.1-7t64_2.1.12-stable-9ubuntu2.1_amd64.deb ...
authoring-preview	UNKNOWN STEP	2026-09-27T17:56:01.0881927Z Unpacking libevent-2.1-7t64:amd64 (2.1.12-stable-9ubuntu2.1) ...
authoring-preview	UNKNOWN STEP	2026-09-27T17:56:01.1092432Z Selecting previously unselected package libfaad2:amd64.
authoring-preview	UNKNOWN STEP	2026-09-27T17:56:01.1214622Z Preparing to unpack .../123-libfaad2_2.11.1-1build1_amd64.deb ...
authoring-preview	UNKNOWN STEP	2026-09-27T17:56:01.1223984Z Unpacking libfaad2:amd64 (2.11.1-1build1) ...
authoring-preview	UNKNOWN STEP	2026-09-27T17:56:01.1442449Z Selecting previously unselected package libinstpatch-1.0-2:amd64.
authoring-preview	UNKNOWN STEP	2026-09-27T17:56:01.1564106Z Preparing to unpack .../124-libinstpatch-1.0-2_1.1.6-1build2_amd64.deb ...
authoring-preview	UNKNOWN STEP	2026-09-27T17:56:01.1575026Z Unpacking libinstpatch-1.0-2:amd64 (1.1.6-1build2) ...
authoring-preview	UNKNOWN STEP	2026-09-27T17:56:01.1791356Z Selecting previously unselected package libjack-jackd2-0:amd64.
authoring-preview	UNKNOWN STEP	2026-09-27T17:56:01.1911742Z Preparing to unpack .../125-libjack-jackd2-0_1.9.21~dfsg-3ubuntu3_amd64.deb ...
authoring-preview	UNKNOWN STEP	2026-09-27T17:56:01.1919326Z Unpacking libjack-jackd2-0:amd64 (1.9.21~dfsg-3ubuntu3) ...
authoring-preview	UNKNOWN STEP	2026-09-27T17:56:01.2158737Z Selecting previously unselected package libwebrtc-audio-processing1:amd64.
authoring-preview	UNKNOWN STEP	2026-09-27T17:56:01.2280300Z Preparing to unpack .../126-libwebrtc-audio-processing1_0.3.1-0ubuntu6_amd64.deb ...
authoring-preview	UNKNOWN STEP	2026-09-27T17:56:01.2290886Z Unpacking libwebrtc-audio-processing1:amd64 (0.3.1-0ubuntu6) ...
authoring-preview	UNKNOWN STEP	2026-09-27T17:56:01.2525971Z Selecting previously unselected package libspa-0.2-modules:amd64.
authoring-preview	UNKNOWN STEP	2026-09-27T17:56:01.2645165Z Preparing to unpack .../127-libspa-0.2-modules_1.0.5-1ubuntu3.3_amd64.deb ...
authoring-preview	UNKNOWN STEP	2026-09-27T17:56:01.2653492Z Unpacking libspa-0.2-modules:amd64 (1.0.5-1ubuntu3.3) ...
authoring-preview	UNKNOWN STEP	2026-09-27T17:56:01.2952540Z Selecting previously unselected package libpipewire-0.3-0t64:amd64.
authoring-preview	UNKNOWN STEP	2026-09-27T17:56:01.3072140Z Preparing to unpack .../128-libpipewire-0.3-0t64_1.0.5-1ubuntu3.3_amd64.deb ...
authoring-preview	UNKNOWN STEP	2026-09-27T17:56:01.3079255Z Unpacking libpipewire-0.3-0t64:amd64 (1.0.5-1ubuntu3.3) ...
authoring-preview	UNKNOWN STEP	2026-09-27T17:56:01.3312984Z Selecting previously unselected package libsdl2-2.0-0:amd64.
authoring-preview	UNKNOWN STEP	2026-09-27T17:56:01.3432913Z Preparing to unpack .../129-libsdl2-2.0-0_2.30.0+dfsg-1ubuntu3.1_amd64.deb ...
authoring-preview	UNKNOWN STEP	2026-09-27T17:56:01.3441757Z Unpacking libsdl2-2.0-0:amd64 (2.30.0+dfsg-1ubuntu3.1) ...
authoring-preview	UNKNOWN STEP	2026-09-27T17:56:01.3710140Z Selecting previously unselected package timgm6mb-soundfont.
authoring-preview	UNKNOWN STEP	2026-09-27T17:56:01.3831707Z Preparing to unpack .../130-timgm6mb-soundfont_1.3-5_all.deb ...
authoring-preview	UNKNOWN STEP	2026-09-27T17:56:01.3840766Z Unpacking timgm6mb-soundfont (1.3-5) ...
authoring-preview	UNKNOWN STEP	2026-09-27T17:56:01.7184120Z Selecting previously unselected package libfluidsynth3:amd64.
authoring-preview	UNKNOWN STEP	2026-09-27T17:56:01.7307264Z Preparing to unpack .../131-libfluidsynth3_2.3.4-1build3_amd64.deb ...
authoring-preview	UNKNOWN STEP	2026-09-27T17:56:01.7313885Z Unpacking libfluidsynth3:amd64 (2.3.4-1build3) ...
authoring-preview	UNKNOWN STEP	2026-09-27T17:56:01.7529880Z Selecting previously unselected package libfreeaptx0:amd64.
authoring-preview	UNKNOWN STEP	2026-09-27T17:56:01.7652986Z Preparing to unpack .../132-libfreeaptx0_0.1.1-2build1_amd64.deb ...
authoring-preview	UNKNOWN STEP	2026-09-27T17:56:01.7661667Z Unpacking libfreeaptx0:amd64 (0.1.1-2build1) ...
authoring-preview	UNKNOWN STEP	2026-09-27T17:56:01.7852270Z Selecting previously unselected package libgraphene-1.0-0:amd64.
authoring-preview	UNKNOWN STEP	2026-09-27T17:56:01.7973363Z Preparing to unpack .../133-libgraphene-1.0-0_1.10.8-3build2_amd64.deb ...
authoring-preview	UNKNOWN STEP	2026-09-27T17:56:01.7983212Z Unpacking libgraphene-1.0-0:amd64 (1.10.8-3build2) ...
authoring-preview	UNKNOWN STEP	2026-09-27T17:56:01.8175724Z Selecting previously unselected package libgssdp-1.6-0:amd64.
authoring-preview	UNKNOWN STEP	2026-09-27T17:56:01.8296858Z Preparing to unpack .../134-libgssdp-1.6-0_1.6.3-1build3_amd64.deb ...
authoring-preview	UNKNOWN STEP	2026-09-27T17:56:01.8306023Z Unpacking libgssdp-1.6-0:amd64 (1.6.3-1build3) ...
authoring-preview	UNKNOWN STEP	2026-09-27T17:56:01.8504401Z Selecting previously unselected package libegl1:amd64.
authoring-preview	UNKNOWN STEP	2026-09-27T17:56:01.8623747Z Preparing to unpack .../135-libegl1_1.7.0-1build1_amd64.deb ...
authoring-preview	UNKNOWN STEP	2026-09-27T17:56:01.8631734Z Unpacking libegl1:amd64 (1.7.0-1build1) ...
authoring-preview	UNKNOWN STEP	2026-09-27T17:56:01.8836771Z Selecting previously unselected package libgstreamer-gl1.0-0:amd64.
authoring-preview	UNKNOWN STEP	2026-09-27T17:56:01.9016299Z Preparing to unpack .../136-libgstreamer-gl1.0-0_1.24.2-1ubuntu0.5_amd64.deb ...
authoring-preview	UNKNOWN STEP	2026-09-27T17:56:01.9017783Z Unpacking libgstreamer-gl1.0-0:amd64 (1.24.2-1ubuntu0.5) ...
authoring-preview	UNKNOWN STEP	2026-09-27T17:56:01.9179961Z Selecting previously unselected package libgtk-4-common.
authoring-preview	UNKNOWN STEP	2026-09-27T17:56:01.9300307Z Preparing to unpack .../137-libgtk-4-common_4.14.5+ds-0ubuntu0.10_all.deb ...
authoring-preview	UNKNOWN STEP	2026-09-27T17:56:01.9307544Z Unpacking libgtk-4-common (4.14.5+ds-0ubuntu0.10) ...
authoring-preview	UNKNOWN STEP	2026-09-27T17:56:01.9750004Z Selecting previously unselected package libgtk-4-1:amd64.
authoring-preview	UNKNOWN STEP	2026-09-27T17:56:01.9873602Z Preparing to unpack .../138-libgtk-4-1_4.14.5+ds-0ubuntu0.10_amd64.deb ...
authoring-preview	UNKNOWN STEP	2026-09-27T17:56:01.9881386Z Unpacking libgtk-4-1:amd64 (4.14.5+ds-0ubuntu0.10) ...
authoring-preview	UNKNOWN STEP	2026-09-27T17:56:02.0499955Z Selecting previously unselected package libgupnp-1.6-0:amd64.
authoring-preview	UNKNOWN STEP	2026-09-27T17:56:02.0625025Z Preparing to unpack .../139-libgupnp-1.6-0_1.6.6-1build3_amd64.deb ...
authoring-preview	UNKNOWN STEP	2026-09-27T17:56:02.0632733Z Unpacking libgupnp-1.6-0:amd64 (1.6.6-1build3) ...
authoring-preview	UNKNOWN STEP	2026-09-27T17:56:02.0847691Z Selecting previously unselected package libgupnp-igd-1.6-0:amd64.
authoring-preview	UNKNOWN STEP	2026-09-27T17:56:02.0971587Z Preparing to unpack .../140-libgupnp-igd-1.6-0_1.6.0-3build3_amd64.deb ...
authoring-preview	UNKNOWN STEP	2026-09-27T17:56:02.0979055Z Unpacking libgupnp-igd-1.6-0:amd64 (1.6.0-3build3) ...
authoring-preview	UNKNOWN STEP	2026-09-27T17:56:02.1174921Z Selecting previously unselected package libharfbuzz-icu0:amd64.
authoring-preview	UNKNOWN STEP	2026-09-27T17:56:02.1297304Z Preparing to unpack .../141-libharfbuzz-icu0_8.3.0-2build2_amd64.deb ...
authoring-preview	UNKNOWN STEP	2026-09-27T17:56:02.1304377Z Unpacking libharfbuzz-icu0:amd64 (8.3.0-2build2) ...
authoring-preview	UNKNOWN STEP	2026-09-27T17:56:02.1501636Z Selecting previously unselected package libhyphen0:amd64.
authoring-preview	UNKNOWN STEP	2026-09-27T17:56:02.1622244Z Preparing to unpack .../142-libhyphen0_2.8.8-7build3_amd64.deb ...
authoring-preview	UNKNOWN STEP	2026-09-27T17:56:02.1631458Z Unpacking libhyphen0:amd64 (2.8.8-7build3) ...
authoring-preview	UNKNOWN STEP	2026-09-27T17:56:02.1833968Z Selecting previously unselected package libimath-3-1-29t64:amd64.
authoring-preview	UNKNOWN STEP	2026-09-27T17:56:02.1954513Z Preparing to unpack .../143-libimath-3-1-29t64_3.1.9-3.1ubuntu2_amd64.deb ...
authoring-preview	UNKNOWN STEP	2026-09-27T17:56:02.1963156Z Unpacking libimath-3-1-29t64:amd64 (3.1.9-3.1ubuntu2) ...
authoring-preview	UNKNOWN STEP	2026-09-27T17:56:02.2179476Z Selecting previously unselected package liblc3-1:amd64.
authoring-preview	UNKNOWN STEP	2026-09-27T17:56:02.2300221Z Preparing to unpack .../144-liblc3-1_1.0.4-3build1_amd64.deb ...
authoring-preview	UNKNOWN STEP	2026-09-27T17:56:02.2309284Z Unpacking liblc3-1:amd64 (1.0.4-3build1) ...
authoring-preview	UNKNOWN STEP	2026-09-27T17:56:02.2507863Z Selecting previously unselected package libldacbt-enc2:amd64.
authoring-preview	UNKNOWN STEP	2026-09-27T17:56:02.2627603Z Preparing to unpack .../145-libldacbt-enc2_2.0.2.3+git20200429+ed310a0-4ubuntu2_amd64.deb ...
authoring-preview	UNKNOWN STEP	2026-09-27T17:56:02.2634364Z Unpacking libldacbt-enc2:amd64 (2.0.2.3+git20200429+ed310a0-4ubuntu2) ...
authoring-preview	UNKNOWN STEP	2026-09-27T17:56:02.2826380Z Selecting previously unselected package libraptor2-0:amd64.
authoring-preview	UNKNOWN STEP	2026-09-27T17:56:02.2944789Z Preparing to unpack .../146-libraptor2-0_2.0.16-3ubuntu0.1_amd64.deb ...
authoring-preview	UNKNOWN STEP	2026-09-27T17:56:02.2951363Z Unpacking libraptor2-0:amd64 (2.0.16-3ubuntu0.1) ...
authoring-preview	UNKNOWN STEP	2026-09-27T17:56:02.3161566Z Selecting previously unselected package liblrdf0:amd64.
authoring-preview	UNKNOWN STEP	2026-09-27T17:56:02.3281818Z Preparing to unpack .../147-liblrdf0_0.6.1-4build1_amd64.deb ...
authoring-preview	UNKNOWN STEP	2026-09-27T17:56:02.3288933Z Unpacking liblrdf0:amd64 (0.6.1-4build1) ...
authoring-preview	UNKNOWN STEP	2026-09-27T17:56:02.3519244Z Selecting previously unselected package libltc11:amd64.
authoring-preview	UNKNOWN STEP	2026-09-27T17:56:02.3637099Z Preparing to unpack .../148-libltc11_1.3.2-1build1_amd64.deb ...
authoring-preview	UNKNOWN STEP	2026-09-27T17:56:02.3644934Z Unpacking libltc11:amd64 (1.3.2-1build1) ...
authoring-preview	UNKNOWN STEP	2026-09-27T17:56:02.3842449Z Selecting previously unselected package libmanette-0.2-0:amd64.
authoring-preview	UNKNOWN STEP	2026-09-27T17:56:02.3961310Z Preparing to unpack .../149-libmanette-0.2-0_0.2.7-1build2_amd64.deb ...
authoring-preview	UNKNOWN STEP	2026-09-27T17:56:02.3968269Z Unpacking libmanette-0.2-0:amd64 (0.2.7-1build2) ...
authoring-preview	UNKNOWN STEP	2026-09-27T17:56:02.4171227Z Selecting previously unselected package libmfx1:amd64.
authoring-preview	UNKNOWN STEP	2026-09-27T17:56:02.4289162Z Preparing to unpack .../150-libmfx1_22.5.4-1_amd64.deb ...
authoring-preview	UNKNOWN STEP	2026-09-27T17:56:02.4296248Z Unpacking libmfx1:amd64 (22.5.4-1) ...
authoring-preview	UNKNOWN STEP	2026-09-27T17:56:02.5171505Z Selecting previously unselected package libmjpegutils-2.1-0t64:amd64.
authoring-preview	UNKNOWN STEP	2026-09-27T17:56:02.5294985Z Preparing to unpack .../151-libmjpegutils-2.1-0t64_1%3a2.1.0+debian-8.1build1_amd64.deb ...
authoring-preview	UNKNOWN STEP	2026-09-27T17:56:02.5302061Z Unpacking libmjpegutils-2.1-0t64:amd64 (1:2.1.0+debian-8.1build1) ...
authoring-preview	UNKNOWN STEP	2026-09-27T17:56:02.5504960Z Selecting previously unselected package libmodplug1:amd64.
authoring-preview	UNKNOWN STEP	2026-09-27T17:56:02.5629324Z Preparing to unpack .../152-libmodplug1_1%3a0.8.9.0-3build1_amd64.deb ...
authoring-preview	UNKNOWN STEP	2026-09-27T17:56:02.5637455Z Unpacking libmodplug1:amd64 (1:0.8.9.0-3build1) ...
authoring-preview	UNKNOWN STEP	2026-09-27T17:56:02.5849332Z Selecting previously unselected package libmpcdec6:amd64.
authoring-preview	UNKNOWN STEP	2026-09-27T17:56:02.5971313Z Preparing to unpack .../153-libmpcdec6_2%3a0.1~r495-2build1_amd64.deb ...
authoring-preview	UNKNOWN STEP	2026-09-27T17:56:02.5978943Z Unpacking libmpcdec6:amd64 (2:0.1~r495-2build1) ...
authoring-preview	UNKNOWN STEP	2026-09-27T17:56:02.6172074Z Selecting previously unselected package libmpeg2encpp-2.1-0t64:amd64.
authoring-preview	UNKNOWN STEP	2026-09-27T17:56:02.6293870Z Preparing to unpack .../154-libmpeg2encpp-2.1-0t64_1%3a2.1.0+debian-8.1build1_amd64.deb ...
authoring-preview	UNKNOWN STEP	2026-09-27T17:56:02.6301555Z Unpacking libmpeg2encpp-2.1-0t64:amd64 (1:2.1.0+debian-8.1build1) ...
authoring-preview	UNKNOWN STEP	2026-09-27T17:56:02.6507595Z Selecting previously unselected package libmplex2-2.1-0t64:amd64.
authoring-preview	UNKNOWN STEP	2026-09-27T17:56:02.6629753Z Preparing to unpack .../155-libmplex2-2.1-0t64_1%3a2.1.0+debian-8.1build1_amd64.deb ...
authoring-preview	UNKNOWN STEP	2026-09-27T17:56:02.6637656Z Unpacking libmplex2-2.1-0t64:amd64 (1:2.1.0+debian-8.1build1) ...
authoring-preview	UNKNOWN STEP	2026-09-27T17:56:02.6870688Z Selecting previously unselected package libneon27t64:amd64.
authoring-preview	UNKNOWN STEP	2026-09-27T17:56:02.6994360Z Preparing to unpack .../156-libneon27t64_0.33.0-1.1build3_amd64.deb ...
authoring-preview	UNKNOWN STEP	2026-09-27T17:56:02.7002111Z Unpacking libneon27t64:amd64 (0.33.0-1.1build3) ...
authoring-preview	UNKNOWN STEP	2026-09-27T17:56:02.7214658Z Selecting previously unselected package libnice10:amd64.
authoring-preview	UNKNOWN STEP	2026-09-27T17:56:02.7337375Z Preparing to unpack .../157-libnice10_0.1.21-2build3_amd64.deb ...
authoring-preview	UNKNOWN STEP	2026-09-27T17:56:02.7344733Z Unpacking libnice10:amd64 (0.1.21-2build3) ...
authoring-preview	UNKNOWN STEP	2026-09-27T17:56:02.7549495Z Selecting previously unselected package libopenal-data.
authoring-preview	UNKNOWN STEP	2026-09-27T17:56:02.7671335Z Preparing to unpack .../158-libopenal-data_1%3a1.23.1-4build1_all.deb ...
authoring-preview	UNKNOWN STEP	2026-09-27T17:56:02.7678269Z Unpacking libopenal-data (1:1.23.1-4build1) ...
authoring-preview	UNKNOWN STEP	2026-09-27T17:56:02.7940931Z Selecting previously unselected package libopenexr-3-1-30:amd64.
authoring-preview	UNKNOWN STEP	2026-09-27T17:56:02.8065860Z Preparing to unpack .../159-libopenexr-3-1-30_3.1.5-5.1build3_amd64.deb ...
authoring-preview	UNKNOWN STEP	2026-09-27T17:56:02.8073195Z Unpacking libopenexr-3-1-30:amd64 (3.1.5-5.1build3) ...
authoring-preview	UNKNOWN STEP	2026-09-27T17:56:02.8419807Z Selecting previously unselected package libopenh264-7:amd64.
authoring-preview	UNKNOWN STEP	2026-09-27T17:56:02.8548283Z Preparing to unpack .../160-libopenh264-7_2.4.1+dfsg-1_amd64.deb ...
authoring-preview	UNKNOWN STEP	2026-09-27T17:56:02.8791376Z Unpacking libopenh264-7:amd64 (2.4.1+dfsg-1) ...
authoring-preview	UNKNOWN STEP	2026-09-27T17:56:02.9058822Z Selecting previously unselected package libopenni2-0:amd64.
authoring-preview	UNKNOWN STEP	2026-09-27T17:56:02.9182347Z Preparing to unpack .../161-libopenni2-0_2.2.0.33+dfsg-18_amd64.deb ...
authoring-preview	UNKNOWN STEP	2026-09-27T17:56:02.9210492Z Unpacking libopenni2-0:amd64 (2.2.0.33+dfsg-18) ...
authoring-preview	UNKNOWN STEP	2026-09-27T17:56:02.9462676Z Selecting previously unselected package libqrencode4:amd64.
authoring-preview	UNKNOWN STEP	2026-09-27T17:56:02.9585703Z Preparing to unpack .../162-libqrencode4_4.1.1-1build2_amd64.deb ...
authoring-preview	UNKNOWN STEP	2026-09-27T17:56:02.9593208Z Unpacking libqrencode4:amd64 (4.1.1-1build2) ...
authoring-preview	UNKNOWN STEP	2026-09-27T17:56:02.9785200Z Selecting previously unselected package libsecret-common.
authoring-preview	UNKNOWN STEP	2026-09-27T17:56:02.9907622Z Preparing to unpack .../163-libsecret-common_0.21.4-1build3_all.deb ...
authoring-preview	UNKNOWN STEP	2026-09-27T17:56:02.9914875Z Unpacking libsecret-common (0.21.4-1build3) ...
authoring-preview	UNKNOWN STEP	2026-09-27T17:56:03.0114546Z Selecting previously unselected package libsecret-1-0:amd64.
authoring-preview	UNKNOWN STEP	2026-09-27T17:56:03.0235952Z Preparing to unpack .../164-libsecret-1-0_0.21.4-1build3_amd64.deb ...
authoring-preview	UNKNOWN STEP	2026-09-27T17:56:03.0242797Z Unpacking libsecret-1-0:amd64 (0.21.4-1build3) ...
authoring-preview	UNKNOWN STEP	2026-09-27T17:56:03.0454835Z Selecting previously unselected package libsndio7.0:amd64.
authoring-preview	UNKNOWN STEP	2026-09-27T17:56:03.0576489Z Preparing to unpack .../165-libsndio7.0_1.9.0-0.3build3_amd64.deb ...
authoring-preview	UNKNOWN STEP	2026-09-27T17:56:03.0583325Z Unpacking libsndio7.0:amd64 (1.9.0-0.3build3) ...
authoring-preview	UNKNOWN STEP	2026-09-27T17:56:03.0799131Z Selecting previously unselected package libsoundtouch1:amd64.
authoring-preview	UNKNOWN STEP	2026-09-27T17:56:03.0921378Z Preparing to unpack .../166-libsoundtouch1_2.3.2+ds1-1build1_amd64.deb ...
authoring-preview	UNKNOWN STEP	2026-09-27T17:56:03.0927415Z Unpacking libsoundtouch1:amd64 (2.3.2+ds1-1build1) ...
authoring-preview	UNKNOWN STEP	2026-09-27T17:56:03.1137818Z Selecting previously unselected package libspandsp2t64:amd64.
authoring-preview	UNKNOWN STEP	2026-09-27T17:56:03.1259629Z Preparing to unpack .../167-libspandsp2t64_0.0.6+dfsg-2.1build1_amd64.deb ...
authoring-preview	UNKNOWN STEP	2026-09-27T17:56:03.1268293Z Unpacking libspandsp2t64:amd64 (0.0.6+dfsg-2.1build1) ...
authoring-preview	UNKNOWN STEP	2026-09-27T17:56:03.1501999Z Selecting previously unselected package libsrtp2-1:amd64.
authoring-preview	UNKNOWN STEP	2026-09-27T17:56:03.1623246Z Preparing to unpack .../168-libsrtp2-1_2.5.0-3build1_amd64.deb ...
authoring-preview	UNKNOWN STEP	2026-09-27T17:56:03.1631201Z Unpacking libsrtp2-1:amd64 (2.5.0-3build1) ...
authoring-preview	UNKNOWN STEP	2026-09-27T17:56:03.1827043Z Selecting previously unselected package libwayland-server0:amd64.
authoring-preview	UNKNOWN STEP	2026-09-27T17:56:03.1948206Z Preparing to unpack .../169-libwayland-server0_1.22.0-2.1build1_amd64.deb ...
authoring-preview	UNKNOWN STEP	2026-09-27T17:56:03.1954472Z Unpacking libwayland-server0:amd64 (1.22.0-2.1build1) ...
authoring-preview	UNKNOWN STEP	2026-09-27T17:56:03.2152459Z Selecting previously unselected package libwildmidi2:amd64.
authoring-preview	UNKNOWN STEP	2026-09-27T17:56:03.2273555Z Preparing to unpack .../170-libwildmidi2_0.4.3-1build3_amd64.deb ...
authoring-preview	UNKNOWN STEP	2026-09-27T17:56:03.2280806Z Unpacking libwildmidi2:amd64 (0.4.3-1build3) ...
authoring-preview	UNKNOWN STEP	2026-09-27T17:56:03.2481683Z Selecting previously unselected package libwoff1:amd64.
authoring-preview	UNKNOWN STEP	2026-09-27T17:56:03.2601345Z Preparing to unpack .../171-libwoff1_1.0.2-2build1_amd64.deb ...
authoring-preview	UNKNOWN STEP	2026-09-27T17:56:03.2608247Z Unpacking libwoff1:amd64 (1.0.2-2build1) ...
authoring-preview	UNKNOWN STEP	2026-09-27T17:56:03.2807604Z Selecting previously unselected package libxcb-xkb1:amd64.
authoring-preview	UNKNOWN STEP	2026-09-27T17:56:03.2926634Z Preparing to unpack .../172-libxcb-xkb1_1.15-1ubuntu2_amd64.deb ...
authoring-preview	UNKNOWN STEP	2026-09-27T17:56:03.2933109Z Unpacking libxcb-xkb1:amd64 (1.15-1ubuntu2) ...
authoring-preview	UNKNOWN STEP	2026-09-27T17:56:03.3130850Z Selecting previously unselected package libxkbcommon-x11-0:amd64.
authoring-preview	UNKNOWN STEP	2026-09-27T17:56:03.3250497Z Preparing to unpack .../173-libxkbcommon-x11-0_1.6.0-1build1_amd64.deb ...
authoring-preview	UNKNOWN STEP	2026-09-27T17:56:03.3256995Z Unpacking libxkbcommon-x11-0:amd64 (1.6.0-1build1) ...
authoring-preview	UNKNOWN STEP	2026-09-27T17:56:03.3478670Z Selecting previously unselected package libzbar0t64:amd64.
authoring-preview	UNKNOWN STEP	2026-09-27T17:56:03.3598356Z Preparing to unpack .../174-libzbar0t64_0.23.93-4build3_amd64.deb ...
authoring-preview	UNKNOWN STEP	2026-09-27T17:56:03.3610292Z Unpacking libzbar0t64:amd64 (0.23.93-4build3) ...
authoring-preview	UNKNOWN STEP	2026-09-27T17:56:03.3822477Z Selecting previously unselected package libzxing3:amd64.
authoring-preview	UNKNOWN STEP	2026-09-27T17:56:03.3945082Z Preparing to unpack .../175-libzxing3_2.2.1-3_amd64.deb ...
authoring-preview	UNKNOWN STEP	2026-09-27T17:56:03.3952570Z Unpacking libzxing3:amd64 (2.2.1-3) ...
authoring-preview	UNKNOWN STEP	2026-09-27T17:56:03.4195269Z Selecting previously unselected package xfonts-encodings.
authoring-preview	UNKNOWN STEP	2026-09-27T17:56:03.4322733Z Preparing to unpack .../176-xfonts-encodings_1%3a1.0.5-0ubuntu2_all.deb ...
authoring-preview	UNKNOWN STEP	2026-09-27T17:56:03.4331257Z Unpacking xfonts-encodings (1:1.0.5-0ubuntu2) ...
authoring-preview	UNKNOWN STEP	2026-09-27T17:56:03.4602453Z Selecting previously unselected package xfonts-utils.
authoring-preview	UNKNOWN STEP	2026-09-27T17:56:03.4724560Z Preparing to unpack .../177-xfonts-utils_1%3a7.7+6build3_amd64.deb ...
authoring-preview	UNKNOWN STEP	2026-09-27T17:56:03.4731409Z Unpacking xfonts-utils (1:7.7+6build3) ...
authoring-preview	UNKNOWN STEP	2026-09-27T17:56:03.5196926Z Selecting previously unselected package xfonts-cyrillic.
authoring-preview	UNKNOWN STEP	2026-09-27T17:56:03.5318841Z Preparing to unpack .../178-xfonts-cyrillic_1%3a1.0.5+nmu1_all.deb ...
authoring-preview	UNKNOWN STEP	2026-09-27T17:56:03.5325205Z Unpacking xfonts-cyrillic (1:1.0.5+nmu1) ...
authoring-preview	UNKNOWN STEP	2026-09-27T17:56:03.5656856Z Selecting previously unselected package xfonts-scalable.
authoring-preview	UNKNOWN STEP	2026-09-27T17:56:03.5783797Z Preparing to unpack .../179-xfonts-scalable_1%3a1.0.3-1.3_all.deb ...
authoring-preview	UNKNOWN STEP	2026-09-27T17:56:03.5793053Z Unpacking xfonts-scalable (1:1.0.3-1.3) ...
authoring-preview	UNKNOWN STEP	2026-09-27T17:56:03.6140991Z Preparing to unpack .../180-xserver-common_2%3a21.1.12-1ubuntu1.8_all.deb ...
authoring-preview	UNKNOWN STEP	2026-09-27T17:56:03.6174373Z Unpacking xserver-common (2:21.1.12-1ubuntu1.8) over (2:21.1.12-1ubuntu1.6) ...
authoring-preview	UNKNOWN STEP	2026-09-27T17:56:03.6509016Z Preparing to unpack .../181-xvfb_2%3a21.1.12-1ubuntu1.8_amd64.deb ...
authoring-preview	UNKNOWN STEP	2026-09-27T17:56:03.6529345Z Unpacking xvfb (2:21.1.12-1ubuntu1.8) over (2:21.1.12-1ubuntu1.6) ...
authoring-preview	UNKNOWN STEP	2026-09-27T17:56:03.6888404Z Selecting previously unselected package libgstreamer-plugins-bad1.0-0:amd64.
authoring-preview	UNKNOWN STEP	2026-09-27T17:56:03.7013337Z Preparing to unpack .../182-libgstreamer-plugins-bad1.0-0_1.24.2-1ubuntu4_amd64.deb ...
authoring-preview	UNKNOWN STEP	2026-09-27T17:56:03.7020129Z Unpacking libgstreamer-plugins-bad1.0-0:amd64 (1.24.2-1ubuntu4) ...
authoring-preview	UNKNOWN STEP	2026-09-27T17:56:03.7374647Z Selecting previously unselected package libdca0:amd64.
authoring-preview	UNKNOWN STEP	2026-09-27T17:56:03.7496907Z Preparing to unpack .../183-libdca0_0.0.7-2build1_amd64.deb ...
authoring-preview	UNKNOWN STEP	2026-09-27T17:56:03.7505976Z Unpacking libdca0:amd64 (0.0.7-2build1) ...
authoring-preview	UNKNOWN STEP	2026-09-27T17:56:03.7708494Z Selecting previously unselected package libopenal1:amd64.
authoring-preview	UNKNOWN STEP	2026-09-27T17:56:03.7830987Z Preparing to unpack .../184-libopenal1_1%3a1.23.1-4build1_amd64.deb ...
authoring-preview	UNKNOWN STEP	2026-09-27T17:56:03.7841515Z Unpacking libopenal1:amd64 (1:1.23.1-4build1) ...
authoring-preview	UNKNOWN STEP	2026-09-27T17:56:03.8081261Z Selecting previously unselected package libsbc1:amd64.
authoring-preview	UNKNOWN STEP	2026-09-27T17:56:03.8204476Z Preparing to unpack .../185-libsbc1_2.0-1build1_amd64.deb ...
authoring-preview	UNKNOWN STEP	2026-09-27T17:56:03.8215146Z Unpacking libsbc1:amd64 (2.0-1build1) ...
authoring-preview	UNKNOWN STEP	2026-09-27T17:56:03.8409748Z Selecting previously unselected package libvo-aacenc0:amd64.
authoring-preview	UNKNOWN STEP	2026-09-27T17:56:03.8531786Z Preparing to unpack .../186-libvo-aacenc0_0.1.3-2build1_amd64.deb ...
authoring-preview	UNKNOWN STEP	2026-09-27T17:56:03.8540773Z Unpacking libvo-aacenc0:amd64 (0.1.3-2build1) ...
authoring-preview	UNKNOWN STEP	2026-09-27T17:56:03.8741050Z Selecting previously unselected package libvo-amrwbenc0:amd64.
authoring-preview	UNKNOWN STEP	2026-09-27T17:56:03.8862995Z Preparing to unpack .../187-libvo-amrwbenc0_0.1.3-2build1_amd64.deb ...
authoring-preview	UNKNOWN STEP	2026-09-27T17:56:03.8872240Z Unpacking libvo-amrwbenc0:amd64 (0.1.3-2build1) ...
authoring-preview	UNKNOWN STEP	2026-09-27T17:56:03.9062426Z Selecting previously unselected package gstreamer1.0-plugins-bad:amd64.
authoring-preview	UNKNOWN STEP	2026-09-27T17:56:03.9183331Z Preparing to unpack .../188-gstreamer1.0-plugins-bad_1.24.2-1ubuntu4_amd64.deb ...
authoring-preview	UNKNOWN STEP	2026-09-27T17:56:03.9189733Z Unpacking gstreamer1.0-plugins-bad:amd64 (1.24.2-1ubuntu4) ...
authoring-preview	UNKNOWN STEP	2026-09-27T17:56:04.1031071Z Setting up libgme0:amd64 (0.6.3-7build1) ...
authoring-preview	UNKNOWN STEP	2026-09-27T17:56:04.1103449Z Setting up libchromaprint1:amd64 (1.5.1-5) ...
authoring-preview	UNKNOWN STEP	2026-09-27T17:56:04.1125530Z Setting up libssh-gcrypt-4:amd64 (0.10.6-2ubuntu0.5) ...
authoring-preview	UNKNOWN STEP	2026-09-27T17:56:04.1145381Z Setting up libhwy1t64:amd64 (1.0.7-8.1build1) ...
authoring-preview	UNKNOWN STEP	2026-09-27T17:56:04.1167335Z Setting up libcairo-script-interpreter2:amd64 (1.18.0-3build1) ...
authoring-preview	UNKNOWN STEP	2026-09-27T17:56:04.1185284Z Setting up libfreeaptx0:amd64 (0.1.1-2build1) ...
authoring-preview	UNKNOWN STEP	2026-09-27T17:56:04.1208834Z Setting up libdvdread8t64:amd64 (6.1.3-1.1build1) ...
authoring-preview	UNKNOWN STEP	2026-09-27T17:56:04.1231851Z Setting up libudfread0:amd64 (1.1.2-1build1) ...
authoring-preview	UNKNOWN STEP	2026-09-27T17:56:04.1250989Z Setting up libmodplug1:amd64 (1:0.8.9.0-3build1) ...
authoring-preview	UNKNOWN STEP	2026-09-27T17:56:04.1268973Z Setting up libcdparanoia0:amd64 (3.10.2+debian-14build3) ...
authoring-preview	UNKNOWN STEP	2026-09-27T17:56:04.1291059Z Setting up libwayland-server0:amd64 (1.22.0-2.1build1) ...
authoring-preview	UNKNOWN STEP	2026-09-27T17:56:04.1308623Z Setting up libvo-amrwbenc0:amd64 (0.1.3-2build1) ...
authoring-preview	UNKNOWN STEP	2026-09-27T17:56:04.1329534Z Setting up libraw1394-11:amd64 (2.1.2-2build3) ...
authoring-preview	UNKNOWN STEP	2026-09-27T17:56:04.1349634Z Setting up libsbc1:amd64 (2.0-1build1) ...
authoring-preview	UNKNOWN STEP	2026-09-27T17:56:04.1369971Z Setting up libtag1v5-vanilla:amd64 (1.13.1-1build1) ...
authoring-preview	UNKNOWN STEP	2026-09-27T17:56:04.1390835Z Setting up libharfbuzz-icu0:amd64 (8.3.0-2build2) ...
authoring-preview	UNKNOWN STEP	2026-09-27T17:56:04.1409452Z Setting up libopenni2-0:amd64 (2.2.0.33+dfsg-18) ...
authoring-preview	UNKNOWN STEP	2026-09-27T17:56:04.1651165Z Setting up libspeex1:amd64 (1.2.1-2ubuntu2.24.04.1) ...
authoring-preview	UNKNOWN STEP	2026-09-27T17:56:04.1680058Z Setting up libshine3:amd64 (3.1.1-2build1) ...
authoring-preview	UNKNOWN STEP	2026-09-27T17:56:04.1698644Z Setting up libcaca0:amd64 (0.99.beta20-4ubuntu0.2) ...
authoring-preview	UNKNOWN STEP	2026-09-27T17:56:04.1716250Z Setting up libvpl2 (2023.3.0-1build1) ...
authoring-preview	UNKNOWN STEP	2026-09-27T17:56:04.1736664Z Setting up libv4lconvert0t64:amd64 (1.26.1-4build3) ...
authoring-preview	UNKNOWN STEP	2026-09-27T17:56:04.1755409Z Setting up libx264-164:amd64 (2:0.164.3108+git31e19f9-1) ...
authoring-preview	UNKNOWN STEP	2026-09-27T17:56:04.1775267Z Setting up libtwolame0:amd64 (0.4.0-2build3) ...
authoring-preview	UNKNOWN STEP	2026-09-27T17:56:04.1792695Z Setting up libmbedcrypto7t64:amd64 (2.28.8-1) ...
authoring-preview	UNKNOWN STEP	2026-09-27T17:56:04.1809409Z Setting up libwoff1:amd64 (1.0.2-2build1) ...
authoring-preview	UNKNOWN STEP	2026-09-27T17:56:04.1833192Z Setting up liblc3-1:amd64 (1.0.4-3build1) ...
authoring-preview	UNKNOWN STEP	2026-09-27T17:56:04.1853793Z Setting up libqrencode4:amd64 (4.1.1-1build2) ...
authoring-preview	UNKNOWN STEP	2026-09-27T17:56:04.1872645Z Setting up libhyphen0:amd64 (2.8.8-7build3) ...
authoring-preview	UNKNOWN STEP	2026-09-27T17:56:04.1891413Z Setting up libgsm1:amd64 (1.0.22-1build1) ...
authoring-preview	UNKNOWN STEP	2026-09-27T17:56:04.1908929Z Setting up libvisual-0.4-0:amd64 (0.4.2-2build1) ...
authoring-preview	UNKNOWN STEP	2026-09-27T17:56:04.1931323Z Setting up libsoxr0:amd64 (0.1.3-4build3) ...
authoring-preview	UNKNOWN STEP	2026-09-27T17:56:04.1949835Z Setting up libzix-0-0:amd64 (0.4.2-2build1) ...
authoring-preview	UNKNOWN STEP	2026-09-27T17:56:04.1968566Z Setting up libcodec2-1.2:amd64 (1.2.0-2build1) ...
authoring-preview	UNKNOWN STEP	2026-09-27T17:56:04.1990473Z Setting up libsrtp2-1:amd64 (2.5.0-3build1) ...
authoring-preview	UNKNOWN STEP	2026-09-27T17:56:04.2010692Z Setting up libmysofa1:amd64 (1.3.2+dfsg-2ubuntu2) ...
authoring-preview	UNKNOWN STEP	2026-09-27T17:56:04.2027662Z Setting up libldacbt-enc2:amd64 (2.0.2.3+git20200429+ed310a0-4ubuntu2) ...
authoring-preview	UNKNOWN STEP	2026-09-27T17:56:04.2049661Z Setting up fonts-wqy-zenhei (0.9.45-8) ...
authoring-preview	UNKNOWN STEP	2026-09-27T17:56:04.2174754Z Setting up libwebrtc-audio-processing1:amd64 (0.3.1-0ubuntu6) ...
authoring-preview	UNKNOWN STEP	2026-09-27T17:56:04.2194112Z Setting up fonts-freefont-ttf (20211204+svn4273-2) ...
authoring-preview	UNKNOWN STEP	2026-09-27T17:56:04.2213475Z Setting up libevent-2.1-7t64:amd64 (2.1.12-stable-9ubuntu2.1) ...
authoring-preview	UNKNOWN STEP	2026-09-27T17:56:04.2234706Z Setting up libsvtav1enc1d1:amd64 (1.7.0+dfsg-2build1) ...
authoring-preview	UNKNOWN STEP	2026-09-27T17:56:04.2254885Z Setting up libsoup-3.0-common (3.4.4-5ubuntu0.8) ...
authoring-preview	UNKNOWN STEP	2026-09-27T17:56:04.2274374Z Setting up libmpg123-0t64:amd64 (1.32.5-1ubuntu1.1) ...
authoring-preview	UNKNOWN STEP	2026-09-27T17:56:04.2294459Z Setting up libcjson1:amd64 (1.7.17-1) ...
authoring-preview	UNKNOWN STEP	2026-09-27T17:56:04.2315471Z Setting up libxvidcore4:amd64 (2:1.3.7-1build1) ...
authoring-preview	UNKNOWN STEP	2026-09-27T17:56:04.2334922Z Setting up libmpcdec6:amd64 (2:0.1~r495-2build1) ...
authoring-preview	UNKNOWN STEP	2026-09-27T17:56:04.2352442Z Setting up libmjpegutils-2.1-0t64:amd64 (1:2.1.0+debian-8.1build1) ...
authoring-preview	UNKNOWN STEP	2026-09-27T17:56:04.2372952Z Setting up librav1e0:amd64 (0.7.1-2) ...
authoring-preview	UNKNOWN STEP	2026-09-27T17:56:04.2391559Z Setting up liborc-0.4-0t64:amd64 (1:0.4.38-1ubuntu0.1) ...
authoring-preview	UNKNOWN STEP	2026-09-27T17:56:04.2409951Z Setting up libxcb-xkb1:amd64 (1.15-1ubuntu2) ...
authoring-preview	UNKNOWN STEP	2026-09-27T17:56:04.2430758Z Setting up libvo-aacenc0:amd64 (0.1.3-2build1) ...
authoring-preview	UNKNOWN STEP	2026-09-27T17:56:04.2449519Z Setting up librist4:amd64 (0.2.10+dfsg-2) ...
authoring-preview	UNKNOWN STEP	2026-09-27T17:56:04.2472623Z Setting up libglib2.0-0t64:amd64 (2.80.0-6ubuntu3.9) ...
authoring-preview	UNKNOWN STEP	2026-09-27T17:56:04.2735710Z Setting up libblas3:amd64 (3.12.0-3build1.1) ...
authoring-preview	UNKNOWN STEP	2026-09-27T17:56:04.2794570Z update-alternatives: using /usr/lib/x86_64-linux-gnu/blas/libblas.so.3 to provide /usr/lib/x86_64-linux-gnu/libblas.so.3 (libblas.so.3-x86_64-linux-gnu) in auto mode
authoring-preview	UNKNOWN STEP	2026-09-27T17:56:04.2812383Z Setting up libegl-mesa0:amd64 (25.2.8-0ubuntu0.24.04.2) ...
authoring-preview	UNKNOWN STEP	2026-09-27T17:56:04.2830874Z Setting up libsoundtouch1:amd64 (2.3.2+ds1-1build1) ...
authoring-preview	UNKNOWN STEP	2026-09-27T17:56:04.2852384Z Setting up libglib2.0-data (2.80.0-6ubuntu3.9) ...
authoring-preview	UNKNOWN STEP	2026-09-27T17:56:04.2875031Z Setting up libplacebo338:amd64 (6.338.2-2build1) ...
authoring-preview	UNKNOWN STEP	2026-09-27T17:56:04.2896162Z Setting up libgles2:amd64 (1.7.0-1build1) ...
authoring-preview	UNKNOWN STEP	2026-09-27T17:56:04.2915004Z Setting up fonts-tlwg-loma-otf (1:0.7.3-1) ...
authoring-preview	UNKNOWN STEP	2026-09-27T17:56:04.2934475Z Setting up libva2:amd64 (2.20.0-2ubuntu0.2) ...
authoring-preview	UNKNOWN STEP	2026-09-27T17:56:04.2954406Z Setting up libspa-0.2-modules:amd64 (1.0.5-1ubuntu3.3) ...
authoring-preview	UNKNOWN STEP	2026-09-27T17:56:04.2972673Z Setting up libzxing3:amd64 (2.2.1-3) ...
authoring-preview	UNKNOWN STEP	2026-09-27T17:56:04.2993065Z Setting up xfonts-encodings (1:1.0.5-0ubuntu2) ...
authoring-preview	UNKNOWN STEP	2026-09-27T17:56:04.3011217Z Setting up libopus0:amd64 (1.4-1build1) ...
authoring-preview	UNKNOWN STEP	2026-09-27T17:56:04.3028196Z Setting up libfaad2:amd64 (2.11.1-1build1) ...
authoring-preview	UNKNOWN STEP	2026-09-27T17:56:04.3048321Z Setting up libxkbcommon-x11-0:amd64 (1.6.0-1build1) ...
authoring-preview	UNKNOWN STEP	2026-09-27T17:56:04.3065689Z Setting up libdc1394-25:amd64 (2.2.6-4build1) ...
authoring-preview	UNKNOWN STEP	2026-09-27T17:56:04.3087957Z Setting up libimath-3-1-29t64:amd64 (3.1.9-3.1ubuntu2) ...
authoring-preview	UNKNOWN STEP	2026-09-27T17:56:04.3105222Z Setting up libunibreak5:amd64 (5.1-2build1) ...
authoring-preview	UNKNOWN STEP	2026-09-27T17:56:04.3127646Z Setting up libdv4t64:amd64 (1.0.0-17.1build1) ...
authoring-preview	UNKNOWN STEP	2026-09-27T17:56:04.3145046Z Setting up gir1.2-glib-2.0:amd64 (2.80.0-6ubuntu3.9) ...
authoring-preview	UNKNOWN STEP	2026-09-27T17:56:04.3164860Z Setting up libjxl0.7:amd64 (0.7.0-10.2ubuntu6.1) ...
authoring-preview	UNKNOWN STEP	2026-09-27T17:56:04.3184361Z Setting up libopenh264-7:amd64 (2.4.1+dfsg-1) ...
authoring-preview	UNKNOWN STEP	2026-09-27T17:56:04.3202535Z Setting up libltc11:amd64 (1.3.2-1build1) ...
authoring-preview	UNKNOWN STEP	2026-09-27T17:56:04.3220155Z Setting up libx265-199:amd64 (3.5-2build1) ...
authoring-preview	UNKNOWN STEP	2026-09-27T17:56:04.3305223Z Setting up libv4l-0t64:amd64 (1.26.1-4build3) ...
authoring-preview	UNKNOWN STEP	2026-09-27T17:56:04.3323158Z Setting up libavtp0:amd64 (0.2.0-1build1) ...
authoring-preview	UNKNOWN STEP	2026-09-27T17:56:04.3343818Z Setting up libsndio7.0:amd64 (1.9.0-0.3build3) ...
authoring-preview	UNKNOWN STEP	2026-09-27T17:56:04.3366494Z Setting up libdirectfb-1.7-7t64:amd64 (1.7.7-11.1ubuntu2) ...
authoring-preview	UNKNOWN STEP	2026-09-27T17:56:04.3385115Z Setting up libspandsp2t64:amd64 (0.0.6+dfsg-2.1build1) ...
authoring-preview	UNKNOWN STEP	2026-09-27T17:56:04.3408928Z Setting up libvidstab1.1:amd64 (1.1.0-2build1) ...
authoring-preview	UNKNOWN STEP	2026-09-27T17:56:04.3688381Z Setting up libvpx9:amd64 (1.14.0-1ubuntu2.3) ...
authoring-preview	UNKNOWN STEP	2026-09-27T17:56:04.3705047Z Setting up libsrt1.5-gnutls:amd64 (1.5.3-1build2) ...
authoring-preview	UNKNOWN STEP	2026-09-27T17:56:04.3735364Z Setting up libtag1v5:amd64 (1.13.1-1build1) ...
authoring-preview	UNKNOWN STEP	2026-09-27T17:56:04.3751304Z Setting up libflite1:amd64 (2.2-6build3) ...
authoring-preview	UNKNOWN STEP	2026-09-27T17:56:04.3769662Z Setting up libdav1d7:amd64 (1.4.1-1build1) ...
authoring-preview	UNKNOWN STEP	2026-09-27T17:56:04.3791492Z Setting up libva-drm2:amd64 (2.20.0-2ubuntu0.2) ...
authoring-preview	UNKNOWN STEP	2026-09-27T17:56:04.3811150Z Setting up fonts-ipafont-gothic (00303-21ubuntu1) ...
authoring-preview	UNKNOWN STEP	2026-09-27T17:56:04.3877948Z update-alternatives: using /usr/share/fonts/opentype/ipafont-gothic/ipag.ttf to provide /usr/share/fonts/truetype/fonts-japanese-gothic.ttf (fonts-japanese-gothic.ttf) in auto mode
authoring-preview	UNKNOWN STEP	2026-09-27T17:56:04.3895015Z Setting up ocl-icd-libopencl1:amd64 (2.3.2-1build1) ...
authoring-preview	UNKNOWN STEP	2026-09-27T17:56:04.3912646Z Setting up libasyncns0:amd64 (0.8-6build4) ...
authoring-preview	UNKNOWN STEP	2026-09-27T17:56:04.3932037Z Setting up libwildmidi2:amd64 (0.4.3-1build3) ...
authoring-preview	UNKNOWN STEP	2026-09-27T17:56:04.3948773Z Setting up libvdpau1:amd64 (1.5-2build1) ...
authoring-preview	UNKNOWN STEP	2026-09-27T17:56:04.3972915Z Setting up libwavpack1:amd64 (5.6.0-1build1) ...
authoring-preview	UNKNOWN STEP	2026-09-27T17:56:04.3992320Z Setting up libbs2b0:amd64 (3.1.0+dfsg-7build1) ...
authoring-preview	UNKNOWN STEP	2026-09-27T17:56:04.4009835Z Setting up libtheora0:amd64 (1.1.1+dfsg.1-16.1build3) ...
authoring-preview	UNKNOWN STEP	2026-09-27T17:56:04.4025948Z Setting up libegl1:amd64 (1.7.0-1build1) ...
authoring-preview	UNKNOWN STEP	2026-09-27T17:56:04.4046247Z Setting up libdecor-0-0:amd64 (0.2.2-1build2) ...
authoring-preview	UNKNOWN STEP	2026-09-27T17:56:04.4066279Z Setting up libdca0:amd64 (0.0.7-2build1) ...
authoring-preview	UNKNOWN STEP	2026-09-27T17:56:04.4086324Z Setting up libzimg2:amd64 (3.0.5+ds1-1build1) ...
authoring-preview	UNKNOWN STEP	2026-09-27T17:56:04.4106219Z Setting up libopenal-data (1:1.23.1-4build1) ...
authoring-preview	UNKNOWN STEP	2026-09-27T17:56:04.4131577Z Setting up libabsl20220623t64:amd64 (20220623.1-3.1ubuntu3.2) ...
authoring-preview	UNKNOWN STEP	2026-09-27T17:56:04.4152087Z Setting up libflac12t64:amd64 (1.4.3+ds-2.1ubuntu2) ...
authoring-preview	UNKNOWN STEP	2026-09-27T17:56:04.4169514Z Setting up xserver-common (2:21.1.12-1ubuntu1.8) ...
authoring-preview	UNKNOWN STEP	2026-09-27T17:56:04.4188025Z Setting up libgtk-4-common (4.14.5+ds-0ubuntu0.10) ...
authoring-preview	UNKNOWN STEP	2026-09-27T17:56:04.4214626Z Setting up libmpeg2encpp-2.1-0t64:amd64 (1:2.1.0+debian-8.1build1) ...
authoring-preview	UNKNOWN STEP	2026-09-27T17:56:04.4237574Z Setting up glib-networking-common (2.80.0-1build1) ...
authoring-preview	UNKNOWN STEP	2026-09-27T17:56:04.4254995Z Setting up libmfx1:amd64 (22.5.4-1) ...
authoring-preview	UNKNOWN STEP	2026-09-27T17:56:04.4276889Z Setting up libde265-0:amd64 (1.0.15-1ubuntu0.1) ...
authoring-preview	UNKNOWN STEP	2026-09-27T17:56:04.4294454Z Setting up libsamplerate0:amd64 (0.2.2-4build1) ...
authoring-preview	UNKNOWN STEP	2026-09-27T17:56:04.4315777Z Setting up timgm6mb-soundfont (1.3-5) ...
authoring-preview	UNKNOWN STEP	2026-09-27T17:56:04.4395147Z update-alternatives: using /usr/share/sounds/sf2/TimGM6mb.sf2 to provide /usr/share/sounds/sf2/default-GM.sf2 (default-GM.sf2) in auto mode
authoring-preview	UNKNOWN STEP	2026-09-27T17:56:04.4439420Z update-alternatives: using /usr/share/sounds/sf2/TimGM6mb.sf2 to provide /usr/share/sounds/sf3/default-GM.sf3 (default-GM.sf3) in auto mode
authoring-preview	UNKNOWN STEP	2026-09-27T17:56:04.4457649Z Setting up libva-x11-2:amd64 (2.20.0-2ubuntu0.2) ...
authoring-preview	UNKNOWN STEP	2026-09-27T17:56:04.4477446Z Setting up libyuv0:amd64 (0.0~git202401110.af6ac82-1) ...
authoring-preview	UNKNOWN STEP	2026-09-27T17:56:04.4496835Z Setting up libmplex2-2.1-0t64:amd64 (1:2.1.0+debian-8.1build1) ...
authoring-preview	UNKNOWN STEP	2026-09-27T17:56:04.4517118Z Setting up libpipewire-0.3-0t64:amd64 (1.0.5-1ubuntu3.3) ...
authoring-preview	UNKNOWN STEP	2026-09-27T17:56:04.4535844Z Setting up libxml2:amd64 (2.9.14+dfsg-1.3ubuntu3.9) ...
authoring-preview	UNKNOWN STEP	2026-09-27T17:56:04.4556171Z Setting up libopenmpt0t64:amd64 (0.7.3-1.1build3) ...
authoring-preview	UNKNOWN STEP	2026-09-27T17:56:04.4578819Z Setting up libzvbi-common (0.2.42-2) ...
authoring-preview	UNKNOWN STEP	2026-09-27T17:56:04.4597112Z Setting up libsecret-common (0.21.4-1build3) ...
authoring-preview	UNKNOWN STEP	2026-09-27T17:56:04.4618442Z Setting up libmp3lame0:amd64 (3.100-6build1) ...
authoring-preview	UNKNOWN STEP	2026-09-27T17:56:04.4638419Z Setting up libgraphene-1.0-0:amd64 (1.10.8-3build2) ...
authoring-preview	UNKNOWN STEP	2026-09-27T17:56:04.4659925Z Setting up libvorbisenc2:amd64 (1.3.7-1build3) ...
authoring-preview	UNKNOWN STEP	2026-09-27T17:56:04.4687086Z Setting up libdvdnav4:amd64 (6.1.1-3build1) ...
authoring-preview	UNKNOWN STEP	2026-09-27T17:56:04.4709696Z Setting up fonts-unifont (1:15.1.01-1build1) ...
authoring-preview	UNKNOWN STEP	2026-09-27T17:56:04.4729837Z Setting up libaa1:amd64 (1.4p5-51.1) ...
authoring-preview	UNKNOWN STEP	2026-09-27T17:56:04.4748495Z Setting up libiec61883-0:amd64 (1.2.0-6build1) ...
authoring-preview	UNKNOWN STEP	2026-09-27T17:56:04.4769734Z Setting up libserd-0-0:amd64 (0.32.2-1) ...
authoring-preview	UNKNOWN STEP	2026-09-27T17:56:04.4789166Z Setting up libavc1394-0:amd64 (0.5.4-5build3) ...
authoring-preview	UNKNOWN STEP	2026-09-27T17:56:04.4806595Z Setting up session-migration (0.3.9build1) ...
authoring-preview	UNKNOWN STEP	2026-09-27T17:56:04.6064825Z Created symlink /etc/systemd/user/graphical-session-pre.target.wants/session-migration.service → /usr/lib/systemd/user/session-migration.service.
authoring-preview	UNKNOWN STEP	2026-09-27T17:56:04.6065921Z 
authoring-preview	UNKNOWN STEP	2026-09-27T17:56:04.6093576Z Setting up liblapack3:amd64 (3.12.0-3build1.1) ...
authoring-preview	UNKNOWN STEP	2026-09-27T17:56:04.6155986Z update-alternatives: using /usr/lib/x86_64-linux-gnu/lapack/liblapack.so.3 to provide /usr/lib/x86_64-linux-gnu/liblapack.so.3 (liblapack.so.3-x86_64-linux-gnu) in auto mode
authoring-preview	UNKNOWN STEP	2026-09-27T17:56:04.6174230Z Setting up libproxy1v5:amd64 (0.5.4-4build1) ...
authoring-preview	UNKNOWN STEP	2026-09-27T17:56:04.6193913Z Setting up libneon27t64:amd64 (0.33.0-1.1build3) ...
authoring-preview	UNKNOWN STEP	2026-09-27T17:56:04.6217223Z Setting up libzvbi0t64:amd64 (0.2.42-2) ...
authoring-preview	UNKNOWN STEP	2026-09-27T17:56:04.6248207Z Setting up xvfb (2:21.1.12-1ubuntu1.8) ...
authoring-preview	UNKNOWN STEP	2026-09-27T17:56:04.6268293Z Setting up libmanette-0.2-0:amd64 (0.2.7-1build2) ...
authoring-preview	UNKNOWN STEP	2026-09-27T17:56:04.6294508Z Setting up libraptor2-0:amd64 (2.0.16-3ubuntu0.1) ...
authoring-preview	UNKNOWN STEP	2026-09-27T17:56:04.6316155Z Setting up libglib2.0-bin (2.80.0-6ubuntu3.9) ...
authoring-preview	UNKNOWN STEP	2026-09-27T17:56:04.6337547Z Setting up libzbar0t64:amd64 (0.23.93-4build3) ...
authoring-preview	UNKNOWN STEP	2026-09-27T17:56:04.6357107Z Setting up libgstreamer-plugins-base1.0-0:amd64 (1.24.2-1ubuntu0.5) ...
authoring-preview	UNKNOWN STEP	2026-09-27T17:56:04.6375762Z Setting up libavutil58:amd64 (7:6.1.1-3ubuntu5) ...
authoring-preview	UNKNOWN STEP	2026-09-27T17:56:04.6397500Z Setting up libopenal1:amd64 (1:1.23.1-4build1) ...
authoring-preview	UNKNOWN STEP	2026-09-27T17:56:04.6419957Z Setting up xfonts-utils (1:7.7+6build3) ...
authoring-preview	UNKNOWN STEP	2026-09-27T17:56:04.6465337Z Setting up librsvg2-2:amd64 (2.58.0+dfsg-1build1) ...
authoring-preview	UNKNOWN STEP	2026-09-27T17:56:04.6488144Z Setting up libxml2-dev:amd64 (2.9.14+dfsg-1.3ubuntu3.9) ...
authoring-preview	UNKNOWN STEP	2026-09-27T17:56:04.6508020Z Setting up libsecret-1-0:amd64 (0.21.4-1build3) ...
authoring-preview	UNKNOWN STEP	2026-09-27T17:56:04.6532297Z Setting up libgstreamer-plugins-good1.0-0:amd64 (1.24.2-1ubuntu1.7) ...
authoring-preview	UNKNOWN STEP	2026-09-27T17:56:04.6551642Z Setting up libgstreamer-gl1.0-0:amd64 (1.24.2-1ubuntu0.5) ...
authoring-preview	UNKNOWN STEP	2026-09-27T17:56:04.6608346Z Setting up gstreamer1.0-plugins-base:amd64 (1.24.2-1ubuntu0.5) ...
authoring-preview	UNKNOWN STEP	2026-09-27T17:56:04.6631113Z Setting up libass9:amd64 (1:0.17.1-2build1) ...
authoring-preview	UNKNOWN STEP	2026-09-27T17:56:04.6650330Z Setting up libswresample4:amd64 (7:6.1.1-3ubuntu5) ...
authoring-preview	UNKNOWN STEP	2026-09-27T17:56:04.6673513Z Setting up libopenexr-3-1-30:amd64 (3.1.5-5.1build3) ...
authoring-preview	UNKNOWN STEP	2026-09-27T17:56:04.6701553Z Setting up libshout3:amd64 (2.4.6-1build2) ...
authoring-preview	UNKNOWN STEP	2026-09-27T17:56:04.6726482Z Setting up libgav1-1:amd64 (0.18.0-1build3) ...
authoring-preview	UNKNOWN STEP	2026-09-27T17:56:04.6758142Z Setting up libavcodec60:amd64 (7:6.1.1-3ubuntu5) ...
authoring-preview	UNKNOWN STEP	2026-09-27T17:56:04.6779693Z Setting up librubberband2:amd64 (3.3.0+dfsg-2build1) ...
authoring-preview	UNKNOWN STEP	2026-09-27T17:56:04.6803610Z Setting up libjack-jackd2-0:amd64 (1.9.21~dfsg-3ubuntu3) ...
authoring-preview	UNKNOWN STEP	2026-09-27T17:56:04.6827999Z Setting up libsord-0-0:amd64 (0.16.16-2build1) ...
authoring-preview	UNKNOWN STEP	2026-09-27T17:56:04.6849561Z Setting up xfonts-cyrillic (1:1.0.5+nmu1) ...
authoring-preview	UNKNOWN STEP	2026-09-27T17:56:04.7185721Z Setting up libpostproc57:amd64 (7:6.1.1-3ubuntu5) ...
authoring-preview	UNKNOWN STEP	2026-09-27T17:56:04.7215183Z Setting up libsratom-0-0:amd64 (0.6.16-1build1) ...
authoring-preview	UNKNOWN STEP	2026-09-27T17:56:04.7238625Z Setting up libgtk-4-1:amd64 (4.14.5+ds-0ubuntu0.10) ...
authoring-preview	UNKNOWN STEP	2026-09-27T17:56:05.0601675Z Setting up libsndfile1:amd64 (1.2.2-1ubuntu5.24.04.1) ...
authoring-preview	UNKNOWN STEP	2026-09-27T17:56:05.0623268Z Setting up libbluray2:amd64 (1:1.3.4-1build1) ...
authoring-preview	UNKNOWN STEP	2026-09-27T17:56:05.0643128Z Setting up liblilv-0-0:amd64 (0.24.22-1build1) ...
authoring-preview	UNKNOWN STEP	2026-09-27T17:56:05.0924464Z Setting up libinstpatch-1.0-2:amd64 (1.1.6-1build2) ...
authoring-preview	UNKNOWN STEP	2026-09-27T17:56:05.0944906Z Setting up xfonts-scalable (1:1.0.3-1.3) ...
authoring-preview	UNKNOWN STEP	2026-09-27T17:56:05.1264771Z Setting up libswscale7:amd64 (7:6.1.1-3ubuntu5) ...
authoring-preview	UNKNOWN STEP	2026-09-27T17:56:05.1287411Z Setting up gsettings-desktop-schemas (46.1-0ubuntu1) ...
authoring-preview	UNKNOWN STEP	2026-09-27T17:56:05.1309430Z Setting up glib-networking-services (2.80.0-1build1) ...
authoring-preview	UNKNOWN STEP	2026-09-27T17:56:05.1338395Z Setting up libavif16:amd64 (1.0.4-1ubuntu3) ...
authoring-preview	UNKNOWN STEP	2026-09-27T17:56:05.1356566Z Setting up libpulse0:amd64 (1:16.1+dfsg1-2ubuntu10.1) ...
authoring-preview	UNKNOWN STEP	2026-09-27T17:56:05.1422604Z Setting up liblrdf0:amd64 (0.6.1-4build1) ...
authoring-preview	UNKNOWN STEP	2026-09-27T17:56:05.1447790Z Setting up libavformat60:amd64 (7:6.1.1-3ubuntu5) ...
authoring-preview	UNKNOWN STEP	2026-09-27T17:56:05.1469470Z Setting up libsphinxbase3t64:amd64 (0.8+5prealpha+1-17build2) ...
authoring-preview	UNKNOWN STEP	2026-09-27T17:56:05.1489860Z Setting up glib-networking:amd64 (2.80.0-1build1) ...
authoring-preview	UNKNOWN STEP	2026-09-27T17:56:05.1512686Z Setting up libsdl2-2.0-0:amd64 (2.30.0+dfsg-1ubuntu3.1) ...
authoring-preview	UNKNOWN STEP	2026-09-27T17:56:05.1533648Z Setting up libfluidsynth3:amd64 (2.3.4-1build3) ...
authoring-preview	UNKNOWN STEP	2026-09-27T17:56:05.1554665Z Setting up libsoup-3.0-0:amd64 (3.4.4-5ubuntu0.8) ...
authoring-preview	UNKNOWN STEP	2026-09-27T17:56:05.1576169Z Setting up libpocketsphinx3:amd64 (0.8.0+real5prealpha+1-15ubuntu5) ...
authoring-preview	UNKNOWN STEP	2026-09-27T17:56:05.1598410Z Setting up libgssdp-1.6-0:amd64 (1.6.3-1build3) ...
authoring-preview	UNKNOWN STEP	2026-09-27T17:56:05.1620005Z Setting up gstreamer1.0-plugins-good:amd64 (1.24.2-1ubuntu1.7) ...
authoring-preview	UNKNOWN STEP	2026-09-27T17:56:05.1648227Z Setting up libgupnp-1.6-0:amd64 (1.6.6-1build3) ...
authoring-preview	UNKNOWN STEP	2026-09-27T17:56:05.1672040Z Setting up libavfilter9:amd64 (7:6.1.1-3ubuntu5) ...
authoring-preview	UNKNOWN STEP	2026-09-27T17:56:05.1691730Z Setting up libgupnp-igd-1.6-0:amd64 (1.6.0-3build3) ...
authoring-preview	UNKNOWN STEP	2026-09-27T17:56:05.1714093Z Setting up gstreamer1.0-libav:amd64 (1.24.1-1build1) ...
authoring-preview	UNKNOWN STEP	2026-09-27T17:56:05.1735790Z Setting up libnice10:amd64 (0.1.21-2build3) ...
authoring-preview	UNKNOWN STEP	2026-09-27T17:56:05.1754899Z Setting up libgstreamer-plugins-bad1.0-0:amd64 (1.24.2-1ubuntu4) ...
authoring-preview	UNKNOWN STEP	2026-09-27T17:56:05.1776458Z Setting up gstreamer1.0-plugins-bad:amd64 (1.24.2-1ubuntu4) ...
authoring-preview	UNKNOWN STEP	2026-09-27T17:56:05.1805421Z Processing triggers for libc-bin (2.39-0ubuntu8.9) ...
authoring-preview	UNKNOWN STEP	2026-09-27T17:56:05.2537612Z Processing triggers for man-db (2.12.0-4build2) ...
authoring-preview	UNKNOWN STEP	2026-09-27T17:56:05.2561297Z Not building database; man-db/auto-update is not 'true'.
authoring-preview	UNKNOWN STEP	2026-09-27T17:56:05.2575158Z Processing triggers for fontconfig (2.15.0-1.1ubuntu2) ...
authoring-preview	UNKNOWN STEP	2026-09-27T17:56:05.9867044Z 
authoring-preview	UNKNOWN STEP	2026-09-27T17:56:05.9868199Z Running kernel seems to be up-to-date.
authoring-preview	UNKNOWN STEP	2026-09-27T17:56:05.9868659Z 
authoring-preview	UNKNOWN STEP	2026-09-27T17:56:05.9868864Z Restarting services...
authoring-preview	UNKNOWN STEP	2026-09-27T17:56:06.0315181Z  systemctl restart packagekit.service php8.3-fpm.service polkit.service udisks2.service
authoring-preview	UNKNOWN STEP	2026-09-27T17:56:06.2008094Z 
authoring-preview	UNKNOWN STEP	2026-09-27T17:56:06.2018765Z Service restarts being deferred:
authoring-preview	UNKNOWN STEP	2026-09-27T17:56:06.2019668Z  systemctl restart ModemManager.service
authoring-preview	UNKNOWN STEP	2026-09-27T17:56:06.2020564Z  systemctl restart networkd-dispatcher.service
authoring-preview	UNKNOWN STEP	2026-09-27T17:56:06.2020983Z 
authoring-preview	UNKNOWN STEP	2026-09-27T17:56:06.2021258Z No containers need to be restarted.
authoring-preview	UNKNOWN STEP	2026-09-27T17:56:06.2021582Z 
authoring-preview	UNKNOWN STEP	2026-09-27T17:56:06.2021897Z No user sessions are running outdated binaries.
authoring-preview	UNKNOWN STEP	2026-09-27T17:56:06.2022284Z 
authoring-preview	UNKNOWN STEP	2026-09-27T17:56:06.2022789Z No VM guests are running outdated hypervisor (qemu) binaries on this host.
authoring-preview	UNKNOWN STEP	2026-09-27T17:56:07.0161011Z Downloading Chrome for Testing 148.0.7778.96 (playwright chromium v1223) from https://cdn.playwright.dev/builds/cft/148.0.7778.96/linux64/chrome-linux64.zip
authoring-preview	UNKNOWN STEP	2026-09-27T17:56:08.0113453Z |                                                                                |   0% of 175.4 MiB
authoring-preview	UNKNOWN STEP	2026-09-27T17:56:08.1796140Z |■■■■■■■■                                                                        |  10% of 175.4 MiB
authoring-preview	UNKNOWN STEP	2026-09-27T17:56:08.2756876Z |■■■■■■■■■■■■■■■■                                                                |  20% of 175.4 MiB
authoring-preview	UNKNOWN STEP	2026-09-27T17:56:08.3356918Z |■■■■■■■■■■■■■■■■■■■■■■■■                                                        |  30% of 175.4 MiB
authoring-preview	UNKNOWN STEP	2026-09-27T17:56:08.3994300Z |■■■■■■■■■■■■■■■■■■■■■■■■■■■■■■■■                                                |  40% of 175.4 MiB
authoring-preview	UNKNOWN STEP	2026-09-27T17:56:08.4580211Z |■■■■■■■■■■■■■■■■■■■■■■■■■■■■■■■■■■■■■■■■                                        |  50% of 175.4 MiB
authoring-preview	UNKNOWN STEP	2026-09-27T17:56:08.5191158Z |■■■■■■■■■■■■■■■■■■■■■■■■■■■■■■■■■■■■■■■■■■■■■■■■                                |  60% of 175.4 MiB
authoring-preview	UNKNOWN STEP	2026-09-27T17:56:08.5843187Z |■■■■■■■■■■■■■■■■■■■■■■■■■■■■■■■■■■■■■■■■■■■■■■■■■■■■■■■■                        |  70% of 175.4 MiB
authoring-preview	UNKNOWN STEP	2026-09-27T17:56:08.6457643Z |■■■■■■■■■■■■■■■■■■■■■■■■■■■■■■■■■■■■■■■■■■■■■■■■■■■■■■■■■■■■■■■■                |  80% of 175.4 MiB
authoring-preview	UNKNOWN STEP	2026-09-27T17:56:08.7049398Z |■■■■■■■■■■■■■■■■■■■■■■■■■■■■■■■■■■■■■■■■■■■■■■■■■■■■■■■■■■■■■■■■■■■■■■■■        |  90% of 175.4 MiB
authoring-preview	UNKNOWN STEP	2026-09-27T17:56:08.7630810Z |■■■■■■■■■■■■■■■■■■■■■■■■■■■■■■■■■■■■■■■■■■■■■■■■■■■■■■■■■■■■■■■■■■■■■■■■■■■■■■■■| 100% of 175.4 MiB
authoring-preview	UNKNOWN STEP	2026-09-27T17:56:11.4512292Z Chrome for Testing 148.0.7778.96 (playwright chromium v1223) downloaded to /home/runner/.cache/ms-playwright/chromium-1223
authoring-preview	UNKNOWN STEP	2026-09-27T17:56:11.4515155Z Downloading FFmpeg (playwright ffmpeg v1011) from https://cdn.playwright.dev/dbazure/download/playwright/builds/ffmpeg/1011/ffmpeg-linux.zip
authoring-preview	UNKNOWN STEP	2026-09-27T17:56:12.4212576Z |                                                                                |   0% of 2.3 MiB
authoring-preview	UNKNOWN STEP	2026-09-27T17:56:12.4272898Z |■■■■■■■■                                                                        |  10% of 2.3 MiB
authoring-preview	UNKNOWN STEP	2026-09-27T17:56:12.4308463Z |■■■■■■■■■■■■■■■■                                                                |  20% of 2.3 MiB
authoring-preview	UNKNOWN STEP	2026-09-27T17:56:12.4338254Z |■■■■■■■■■■■■■■■■■■■■■■■■                                                        |  30% of 2.3 MiB
authoring-preview	UNKNOWN STEP	2026-09-27T17:56:12.4361047Z |■■■■■■■■■■■■■■■■■■■■■■■■■■■■■■■■                                                |  40% of 2.3 MiB
authoring-preview	UNKNOWN STEP	2026-09-27T17:56:12.4382064Z |■■■■■■■■■■■■■■■■■■■■■■■■■■■■■■■■■■■■■■■■                                        |  50% of 2.3 MiB
authoring-preview	UNKNOWN STEP	2026-09-27T17:56:12.4404739Z |■■■■■■■■■■■■■■■■■■■■■■■■■■■■■■■■■■■■■■■■■■■■■■■■                                |  60% of 2.3 MiB
authoring-preview	UNKNOWN STEP	2026-09-27T17:56:12.4419979Z |■■■■■■■■■■■■■■■■■■■■■■■■■■■■■■■■■■■■■■■■■■■■■■■■■■■■■■■■                        |  70% of 2.3 MiB
authoring-preview	UNKNOWN STEP	2026-09-27T17:56:12.4431780Z |■■■■■■■■■■■■■■■■■■■■■■■■■■■■■■■■■■■■■■■■■■■■■■■■■■■■■■■■■■■■■■■■                |  80% of 2.3 MiB
authoring-preview	UNKNOWN STEP	2026-09-27T17:56:12.4452106Z |■■■■■■■■■■■■■■■■■■■■■■■■■■■■■■■■■■■■■■■■■■■■■■■■■■■■■■■■■■■■■■■■■■■■■■■■        |  90% of 2.3 MiB
authoring-preview	UNKNOWN STEP	2026-09-27T17:56:12.4463679Z |■■■■■■■■■■■■■■■■■■■■■■■■■■■■■■■■■■■■■■■■■■■■■■■■■■■■■■■■■■■■■■■■■■■■■■■■■■■■■■■■| 100% of 2.3 MiB
authoring-preview	UNKNOWN STEP	2026-09-27T17:56:12.5041095Z FFmpeg (playwright ffmpeg v1011) downloaded to /home/runner/.cache/ms-playwright/ffmpeg-1011
authoring-preview	UNKNOWN STEP	2026-09-27T17:56:12.5044209Z Downloading Chrome Headless Shell 148.0.7778.96 (playwright chromium-headless-shell v1223) from https://cdn.playwright.dev/builds/cft/148.0.7778.96/linux64/chrome-headless-shell-linux64.zip
authoring-preview	UNKNOWN STEP	2026-09-27T17:56:13.4756356Z |                                                                                |   0% of 113.2 MiB
authoring-preview	UNKNOWN STEP	2026-09-27T17:56:13.5998383Z |■■■■■■■■                                                                        |  10% of 113.2 MiB
authoring-preview	UNKNOWN STEP	2026-09-27T17:56:13.6644970Z |■■■■■■■■■■■■■■■■                                                                |  20% of 113.2 MiB
authoring-preview	UNKNOWN STEP	2026-09-27T17:56:13.7155354Z |■■■■■■■■■■■■■■■■■■■■■■■■                                                        |  30% of 113.2 MiB
authoring-preview	UNKNOWN STEP	2026-09-27T17:56:13.7677584Z |■■■■■■■■■■■■■■■■■■■■■■■■■■■■■■■■                                                |  40% of 113.2 MiB
authoring-preview	UNKNOWN STEP	2026-09-27T17:56:13.8102612Z |■■■■■■■■■■■■■■■■■■■■■■■■■■■■■■■■■■■■■■■■                                        |  50% of 113.2 MiB
authoring-preview	UNKNOWN STEP	2026-09-27T17:56:13.8523009Z |■■■■■■■■■■■■■■■■■■■■■■■■■■■■■■■■■■■■■■■■■■■■■■■■                                |  60% of 113.2 MiB
authoring-preview	UNKNOWN STEP	2026-09-27T17:56:13.8988776Z |■■■■■■■■■■■■■■■■■■■■■■■■■■■■■■■■■■■■■■■■■■■■■■■■■■■■■■■■                        |  70% of 113.2 MiB
authoring-preview	UNKNOWN STEP	2026-09-27T17:56:13.9384447Z |■■■■■■■■■■■■■■■■■■■■■■■■■■■■■■■■■■■■■■■■■■■■■■■■■■■■■■■■■■■■■■■■                |  80% of 113.2 MiB
authoring-preview	UNKNOWN STEP	2026-09-27T17:56:13.9861523Z |■■■■■■■■■■■■■■■■■■■■■■■■■■■■■■■■■■■■■■■■■■■■■■■■■■■■■■■■■■■■■■■■■■■■■■■■        |  90% of 113.2 MiB
authoring-preview	UNKNOWN STEP	2026-09-27T17:56:14.0278592Z |■■■■■■■■■■■■■■■■■■■■■■■■■■■■■■■■■■■■■■■■■■■■■■■■■■■■■■■■■■■■■■■■■■■■■■■■■■■■■■■■| 100% of 113.2 MiB
authoring-preview	UNKNOWN STEP	2026-09-27T17:56:15.9987851Z Chrome Headless Shell 148.0.7778.96 (playwright chromium-headless-shell v1223) downloaded to /home/runner/.cache/ms-playwright/chromium_headless_shell-1223
authoring-preview	UNKNOWN STEP	2026-09-27T17:56:15.9990704Z Downloading Firefox 150.0.2 (playwright firefox v1522) from https://cdn.playwright.dev/dbazure/download/playwright/builds/firefox/1522/firefox-ubuntu-24.04.zip
authoring-preview	UNKNOWN STEP	2026-09-27T17:56:16.9618762Z |                                                                                |   0% of 104.3 MiB
authoring-preview	UNKNOWN STEP	2026-09-27T17:56:17.0403353Z |■■■■■■■■                                                                        |  10% of 104.3 MiB
authoring-preview	UNKNOWN STEP	2026-09-27T17:56:17.1040699Z |■■■■■■■■■■■■■■■■                                                                |  20% of 104.3 MiB
authoring-preview	UNKNOWN STEP	2026-09-27T17:56:17.1689084Z |■■■■■■■■■■■■■■■■■■■■■■■■                                                        |  30% of 104.3 MiB
authoring-preview	UNKNOWN STEP	2026-09-27T17:56:17.2528748Z |■■■■■■■■■■■■■■■■■■■■■■■■■■■■■■■■                                                |  40% of 104.3 MiB
authoring-preview	UNKNOWN STEP	2026-09-27T17:56:17.3525675Z |■■■■■■■■■■■■■■■■■■■■■■■■■■■■■■■■■■■■■■■■                                        |  50% of 104.3 MiB
authoring-preview	UNKNOWN STEP	2026-09-27T17:56:17.4248176Z |■■■■■■■■■■■■■■■■■■■■■■■■■■■■■■■■■■■■■■■■■■■■■■■■                                |  60% of 104.3 MiB
authoring-preview	UNKNOWN STEP	2026-09-27T17:56:17.5476315Z |■■■■■■■■■■■■■■■■■■■■■■■■■■■■■■■■■■■■■■■■■■■■■■■■■■■■■■■■                        |  70% of 104.3 MiB
authoring-preview	UNKNOWN STEP	2026-09-27T17:56:17.6345633Z |■■■■■■■■■■■■■■■■■■■■■■■■■■■■■■■■■■■■■■■■■■■■■■■■■■■■■■■■■■■■■■■■                |  80% of 104.3 MiB
authoring-preview	UNKNOWN STEP	2026-09-27T17:56:17.7180318Z |■■■■■■■■■■■■■■■■■■■■■■■■■■■■■■■■■■■■■■■■■■■■■■■■■■■■■■■■■■■■■■■■■■■■■■■■        |  90% of 104.3 MiB
authoring-preview	UNKNOWN STEP	2026-09-27T17:56:17.7909791Z |■■■■■■■■■■■■■■■■■■■■■■■■■■■■■■■■■■■■■■■■■■■■■■■■■■■■■■■■■■■■■■■■■■■■■■■■■■■■■■■■| 100% of 104.3 MiB
authoring-preview	UNKNOWN STEP	2026-09-27T17:56:19.5548741Z Firefox 150.0.2 (playwright firefox v1522) downloaded to /home/runner/.cache/ms-playwright/firefox-1522
authoring-preview	UNKNOWN STEP	2026-09-27T17:56:19.5552180Z Downloading WebKit 26.4 (playwright webkit v2287) from https://cdn.playwright.dev/dbazure/download/playwright/builds/webkit/2287/webkit-ubuntu-24.04.zip
authoring-preview	UNKNOWN STEP	2026-09-27T17:56:20.5004081Z |                                                                                |   0% of 101.3 MiB
authoring-preview	UNKNOWN STEP	2026-09-27T17:56:20.6477815Z |■■■■■■■■                                                                        |  10% of 101.3 MiB
authoring-preview	UNKNOWN STEP	2026-09-27T17:56:20.7365997Z |■■■■■■■■■■■■■■■■                                                                |  20% of 101.3 MiB
authoring-preview	UNKNOWN STEP	2026-09-27T17:56:20.8026846Z |■■■■■■■■■■■■■■■■■■■■■■■■                                                        |  30% of 101.3 MiB
authoring-preview	UNKNOWN STEP	2026-09-27T17:56:20.8731406Z |■■■■■■■■■■■■■■■■■■■■■■■■■■■■■■■■                                                |  40% of 101.3 MiB
authoring-preview	UNKNOWN STEP	2026-09-27T17:56:20.9444165Z |■■■■■■■■■■■■■■■■■■■■■■■■■■■■■■■■■■■■■■■■                                        |  50% of 101.3 MiB
authoring-preview	UNKNOWN STEP	2026-09-27T17:56:21.0520402Z |■■■■■■■■■■■■■■■■■■■■■■■■■■■■■■■■■■■■■■■■■■■■■■■■                                |  60% of 101.3 MiB
authoring-preview	UNKNOWN STEP	2026-09-27T17:56:21.1153571Z |■■■■■■■■■■■■■■■■■■■■■■■■■■■■■■■■■■■■■■■■■■■■■■■■■■■■■■■■                        |  70% of 101.3 MiB
authoring-preview	UNKNOWN STEP	2026-09-27T17:56:21.1866551Z |■■■■■■■■■■■■■■■■■■■■■■■■■■■■■■■■■■■■■■■■■■■■■■■■■■■■■■■■■■■■■■■■                |  80% of 101.3 MiB
authoring-preview	UNKNOWN STEP	2026-09-27T17:56:21.2597009Z |■■■■■■■■■■■■■■■■■■■■■■■■■■■■■■■■■■■■■■■■■■■■■■■■■■■■■■■■■■■■■■■■■■■■■■■■        |  90% of 101.3 MiB
authoring-preview	UNKNOWN STEP	2026-09-27T17:56:21.3388947Z |■■■■■■■■■■■■■■■■■■■■■■■■■■■■■■■■■■■■■■■■■■■■■■■■■■■■■■■■■■■■■■■■■■■■■■■■■■■■■■■■| 100% of 101.3 MiB
authoring-preview	UNKNOWN STEP	2026-09-27T17:56:23.0942955Z WebKit 26.4 (playwright webkit v2287) downloaded to /home/runner/.cache/ms-playwright/webkit-2287
authoring-preview	UNKNOWN STEP	2026-09-27T17:56:23.4876672Z ##[group]Run npx playwright test e2e/author-studio.spec.ts e2e/author-build-boundary.spec.ts e2e/laboratory.spec.ts --workers=2
authoring-preview	UNKNOWN STEP	2026-09-27T17:56:23.4877946Z [36;1mnpx playwright test e2e/author-studio.spec.ts e2e/author-build-boundary.spec.ts e2e/laboratory.spec.ts --workers=2[0m
authoring-preview	UNKNOWN STEP	2026-09-27T17:56:23.4941846Z shell: /usr/bin/bash -e {0}
authoring-preview	UNKNOWN STEP	2026-09-27T17:56:23.4942098Z env:
authoring-preview	UNKNOWN STEP	2026-09-27T17:56:23.4942302Z   VITE_EXPERIENCE_RUNTIME_V2: true
authoring-preview	UNKNOWN STEP	2026-09-27T17:56:23.4942582Z   VITE_AUTHOR_STUDIO: true
authoring-preview	UNKNOWN STEP	2026-09-27T17:56:23.4942812Z ##[endgroup]
authoring-preview	UNKNOWN STEP	2026-09-27T17:56:26.6978998Z [WebServer] Found 2 warnings while optimizing generated CSS:
authoring-preview	UNKNOWN STEP	2026-09-27T17:56:26.7007948Z [WebServer] 
authoring-preview	UNKNOWN STEP	2026-09-27T17:56:26.7037925Z [WebServer] Issue #1:
authoring-preview	UNKNOWN STEP	2026-09-27T17:56:26.7068900Z [WebServer] [2m│   padding-block: 0.25rem;[22m
authoring-preview	UNKNOWN STEP	2026-09-27T17:56:26.7098086Z [WebServer] [2m│ }[22m
authoring-preview	UNKNOWN STEP	2026-09-27T17:56:26.7128573Z [WebServer] [2m│[22m ::highlight(learnlab-read-aloud) {
authoring-preview	UNKNOWN STEP	2026-09-27T17:56:26.7159319Z [WebServer] [2m┆[22m             [33m[2m^--[22m 'highlight' is not recognized as a valid pseudo-element. Did you mean ':highlight' (pseudo-class) or is this a typo?[39m
authoring-preview	UNKNOWN STEP	2026-09-27T17:56:26.7217911Z [WebServer] [2m┆[22m
authoring-preview	UNKNOWN STEP	2026-09-27T17:56:26.7278515Z [WebServer] [2m│   background-color: oklch(85% 0.15 85 / 60%);[22m
authoring-preview	UNKNOWN STEP	2026-09-27T17:56:26.7320972Z [WebServer] [2m│ }[22m
authoring-preview	UNKNOWN STEP	2026-09-27T17:56:26.7346790Z [WebServer] 
authoring-preview	UNKNOWN STEP	2026-09-27T17:56:26.7403133Z [WebServer] Issue #2:
authoring-preview	UNKNOWN STEP	2026-09-27T17:56:26.7418592Z [WebServer] [2m│   background-color: oklch(85% 0.15 85 / 60%);[22m
authoring-preview	UNKNOWN STEP	2026-09-27T17:56:26.7467971Z [WebServer] [2m│ }[22m
authoring-preview	UNKNOWN STEP	2026-09-27T17:56:26.7505430Z [WebServer] [2m│[22m :root.dark ::highlight(learnlab-read-aloud) {
authoring-preview	UNKNOWN STEP	2026-09-27T17:56:26.7539418Z [WebServer] [2m┆[22m                        [33m[2m^--[22m 'highlight' is not recognized as a valid pseudo-element. Did you mean ':highlight' (pseudo-class) or is this a typo?[39m
authoring-preview	UNKNOWN STEP	2026-09-27T17:56:26.7559867Z [WebServer] [2m┆[22m
authoring-preview	UNKNOWN STEP	2026-09-27T17:56:26.7598893Z [WebServer] [2m│   background-color: oklch(75% 0.15 85 / 45%);[22m
authoring-preview	UNKNOWN STEP	2026-09-27T17:56:26.7599906Z [WebServer] [2m│ }[22m
authoring-preview	UNKNOWN STEP	2026-09-27T17:56:26.7600593Z [WebServer] 
authoring-preview	UNKNOWN STEP	2026-09-27T17:56:27.0901580Z [WebServer] [33m[lightningcss minify] 'highlight' is not recognized as a valid pseudo-element. Did you mean ':highlight' (pseudo-class) or is this a typo?
authoring-preview	UNKNOWN STEP	2026-09-27T17:56:27.0902841Z [WebServer] 1  |  /*! tailwindcss v4.3.0 | MIT License | https://tailwindcss.com */
authoring-preview	UNKNOWN STEP	2026-09-27T17:56:27.0903928Z [WebServer] 2  |  ...splay{padding-block:.25rem;overflow:auto hidden}::highlight(learnlab-read-aloud){background-color:oklch(85% .15 85...
authoring-preview	UNKNOWN STEP	2026-09-27T17:56:27.0904927Z [WebServer]    |                                                                 ^[39m
authoring-preview	UNKNOWN STEP	2026-09-27T17:56:27.0906067Z [WebServer] [33m[lightningcss minify] 'highlight' is not recognized as a valid pseudo-element. Did you mean ':highlight' (pseudo-class) or is this a typo?
authoring-preview	UNKNOWN STEP	2026-09-27T17:56:27.0907073Z [WebServer] 1  |  /*! tailwindcss v4.3.0 | MIT License | https://tailwindcss.com */
authoring-preview	UNKNOWN STEP	2026-09-27T17:56:27.0908580Z [WebServer] 2  |  ...ackground-color:oklch(85% .15 85/.6)}:root.dark ::highlight(learnlab-read-aloud){background-color:oklch(75% .15 85...
authoring-preview	UNKNOWN STEP	2026-09-27T17:56:27.0909512Z [WebServer]    |                                                                 ^[39m
authoring-preview	UNKNOWN STEP	2026-09-27T17:56:32.0875540Z 
authoring-preview	UNKNOWN STEP	2026-09-27T17:56:32.0876110Z Running 33 tests using 2 workers
authoring-preview	UNKNOWN STEP	2026-09-27T17:56:32.0876470Z 
authoring-preview	UNKNOWN STEP	2026-09-27T17:56:34.1584165Z   -   2 [chromium] › e2e/author-build-boundary.pw.ts:4:1 › ordinary learner build excludes Studio route and emitted module
authoring-preview	UNKNOWN STEP	2026-09-27T17:56:34.7546226Z   ✓   1 [chromium] › e2e/author-build-boundary.pw.ts:13:1 › explicit author build rejects a non-loopback document host (678ms)
authoring-preview	UNKNOWN STEP	2026-09-27T17:56:35.9389014Z   ✓   4 [chromium] › e2e/author-studio.pw.ts:95:1 › source validation, undo, new-subject preview and bounded diagnostics (1.1s)
authoring-preview	UNKNOWN STEP	2026-09-27T17:56:36.2005367Z   ✓   3 [chromium] › e2e/author-studio.pw.ts:15:1 › author preview shares actual renderer, survives diagnostic export/import and writes no learner rows (2.0s)
authoring-preview	UNKNOWN STEP	2026-09-27T17:56:37.1591574Z   ✓   5 [chromium] › e2e/author-studio.pw.ts:122:1 › switching preview episodes clears stale state and archives retain their original content (1.2s)
authoring-preview	UNKNOWN STEP	2026-09-27T17:56:37.5863198Z   ✓   6 [chromium] › e2e/author-studio.pw.ts:164:1 › phone author controls and expanded text stay within requested viewport (1.4s)
authoring-preview	UNKNOWN STEP	2026-09-27T17:56:40.1356141Z   ✓   8 [chromium] › e2e/laboratory.pw.ts:72:1 › narrow touch workspace: both themes, help escape and retained exposure on restart (2.5s)
authoring-preview	UNKNOWN STEP	2026-09-27T17:56:43.1175477Z   ✓   9 [chromium] › e2e/laboratory.pw.ts:133:1 › downloaded episode survives browser close and offline reopen with local progress (3.0s)
authoring-preview	UNKNOWN STEP	2026-09-27T17:56:44.9949460Z   ✓  10 [chromium] › e2e/laboratory.pw.ts:187:1 › write failure offers an export and keeps the last persisted circuit intact (1.9s)
authoring-preview	UNKNOWN STEP	2026-09-27T17:56:46.1948907Z   ✓  11 [chromium] › e2e/laboratory.pw.ts:214:1 › tablet, landscape and expanded text preserve controls and local-only requests (1.2s)
authoring-preview	UNKNOWN STEP	2026-09-27T17:56:48.0948000Z   -  12 [firefox] › e2e/author-build-boundary.pw.ts:4:1 › ordinary learner build excludes Studio route and emitted module
authoring-preview	UNKNOWN STEP	2026-09-27T17:56:48.9995088Z   ✘   7 [chromium] › e2e/laboratory.pw.ts:11:1 › first station episode: mistakes, keyboard repair, help, evidence and resume (11.8s)
authoring-preview	UNKNOWN STEP	2026-09-27T17:56:49.0969946Z   ✓  13 [firefox] › e2e/author-build-boundary.pw.ts:13:1 › explicit author build rejects a non-loopback document host (972ms)
authoring-preview	UNKNOWN STEP	2026-09-27T17:56:52.0774336Z   ✓  14 [firefox] › e2e/author-studio.pw.ts:15:1 › author preview shares actual renderer, survives diagnostic export/import and writes no learner rows (2.9s)
authoring-preview	UNKNOWN STEP	2026-09-27T17:56:53.6732987Z   ✓  15 [chromium] › e2e/laboratory.pw.ts:11:1 › first station episode: mistakes, keyboard repair, help, evidence and resume (retry #1) (3.4s)
authoring-preview	UNKNOWN STEP	2026-09-27T17:56:53.7013422Z   ✓  16 [firefox] › e2e/author-studio.pw.ts:95:1 › source validation, undo, new-subject preview and bounded diagnostics (1.6s)
authoring-preview	UNKNOWN STEP	2026-09-27T17:56:54.9801784Z   ✓  17 [firefox] › e2e/author-studio.pw.ts:164:1 › phone author controls and expanded text stay within requested viewport (1.3s)
authoring-preview	UNKNOWN STEP	2026-09-27T17:56:58.0840209Z   ✓  18 [firefox] › e2e/author-studio.pw.ts:122:1 › switching preview episodes clears stale state and archives retain their original content (3.0s)
authoring-preview	UNKNOWN STEP	2026-09-27T17:56:58.4429113Z   ✓  19 [firefox] › e2e/laboratory.pw.ts:11:1 › first station episode: mistakes, keyboard repair, help, evidence and resume (3.4s)
authoring-preview	UNKNOWN STEP	2026-09-27T17:57:00.7042126Z   ✓  20 [firefox] › e2e/laboratory.pw.ts:72:1 › narrow touch workspace: both themes, help escape and retained exposure on restart (2.6s)
authoring-preview	UNKNOWN STEP	2026-09-27T17:57:02.4407821Z   ✓  22 [firefox] › e2e/laboratory.pw.ts:187:1 › write failure offers an export and keeps the last persisted circuit intact (1.7s)
authoring-preview	UNKNOWN STEP	2026-09-27T17:57:03.7979685Z   ✓  23 [firefox] › e2e/laboratory.pw.ts:214:1 › tablet, landscape and expanded text preserve controls and local-only requests (1.3s)
authoring-preview	UNKNOWN STEP	2026-09-27T17:57:07.0013339Z   ✓  21 [firefox] › e2e/laboratory.pw.ts:133:1 › downloaded episode survives browser close and offline reopen with local progress (8.5s)
authoring-preview	UNKNOWN STEP	2026-09-27T17:57:09.4152801Z   -  24 [webkit] › e2e/author-build-boundary.pw.ts:4:1 › ordinary learner build excludes Studio route and emitted module
authoring-preview	UNKNOWN STEP	2026-09-27T17:57:10.0909385Z   ✓  25 [webkit] › e2e/author-build-boundary.pw.ts:13:1 › explicit author build rejects a non-loopback document host (2.1s)
authoring-preview	UNKNOWN STEP	2026-09-27T17:57:12.9781966Z   ✓  27 [webkit] › e2e/author-studio.pw.ts:95:1 › source validation, undo, new-subject preview and bounded diagnostics (2.7s)
authoring-preview	UNKNOWN STEP	2026-09-27T17:57:14.8763749Z   ✓  28 [webkit] › e2e/author-studio.pw.ts:122:1 › switching preview episodes clears stale state and archives retain their original content (1.9s)
authoring-preview	UNKNOWN STEP	2026-09-27T17:57:16.6514612Z   ✘  29 [webkit] › e2e/author-studio.pw.ts:164:1 › phone author controls and expanded text stay within requested viewport (1.7s)
authoring-preview	UNKNOWN STEP	2026-09-27T17:57:19.4142626Z   ✘  30 [webkit] › e2e/author-studio.pw.ts:164:1 › phone author controls and expanded text stay within requested viewport (retry #1) (2.0s)
authoring-preview	UNKNOWN STEP	2026-09-27T17:57:21.9451596Z   ✘  31 [webkit] › e2e/author-studio.pw.ts:164:1 › phone author controls and expanded text stay within requested viewport (retry #2) (1.8s)
authoring-preview	UNKNOWN STEP	2026-09-27T17:57:26.6091757Z   ✓  32 [webkit] › e2e/laboratory.pw.ts:11:1 › first station episode: mistakes, keyboard repair, help, evidence and resume (4.0s)
authoring-preview	UNKNOWN STEP	2026-09-27T17:57:31.9601437Z   ✓  33 [webkit] › e2e/laboratory.pw.ts:72:1 › narrow touch workspace: both themes, help escape and retained exposure on restart (5.3s)
authoring-preview	UNKNOWN STEP	2026-09-27T17:58:33.7336438Z   ✘  34 [webkit] › e2e/laboratory.pw.ts:133:1 › downloaded episode survives browser close and offline reopen with local progress (1.0m)
authoring-preview	UNKNOWN STEP	2026-09-27T17:58:39.5569060Z   ✘  26 [webkit] › e2e/author-studio.pw.ts:15:1 › author preview shares actual renderer, survives diagnostic export/import and writes no learner rows (1.5m)
authoring-preview	UNKNOWN STEP	2026-09-27T17:59:36.7641107Z   ✘  35 [webkit] › e2e/laboratory.pw.ts:133:1 › downloaded episode survives browser close and offline reopen with local progress (retry #1) (1.0m)
authoring-preview	UNKNOWN STEP	2026-09-27T18:00:10.4839908Z   ✘  36 [webkit] › e2e/author-studio.pw.ts:15:1 › author preview shares actual renderer, survives diagnostic export/import and writes no learner rows (retry #1) (1.5m)
authoring-preview	UNKNOWN STEP	2026-09-27T18:00:39.2470878Z   ✘  37 [webkit] › e2e/laboratory.pw.ts:133:1 › downloaded episode survives browser close and offline reopen with local progress (retry #2) (1.0m)
authoring-preview	UNKNOWN STEP	2026-09-27T18:00:42.7609493Z   ✓  39 [webkit] › e2e/laboratory.pw.ts:187:1 › write failure offers an export and keeps the last persisted circuit intact (2.8s)
authoring-preview	UNKNOWN STEP	2026-09-27T18:00:45.0856226Z   ✓  40 [webkit] › e2e/laboratory.pw.ts:214:1 › tablet, landscape and expanded text preserve controls and local-only requests (2.3s)
authoring-preview	UNKNOWN STEP	2026-09-27T18:01:41.2626550Z   ✘  38 [webkit] › e2e/author-studio.pw.ts:15:1 › author preview shares actual renderer, survives diagnostic export/import and writes no learner rows (retry #2) (1.5m)
authoring-preview	UNKNOWN STEP	2026-09-27T18:01:41.2900376Z 
authoring-preview	UNKNOWN STEP	2026-09-27T18:01:41.2906331Z 
authoring-preview	UNKNOWN STEP	2026-09-27T18:01:41.2918873Z   1) [webkit] › e2e/author-studio.pw.ts:15:1 › author preview shares actual renderer, survives diagnostic export/import and writes no learner rows 
authoring-preview	UNKNOWN STEP	2026-09-27T18:01:41.2919953Z 
authoring-preview	UNKNOWN STEP	2026-09-27T18:01:41.2920378Z     [31mTest timeout of 90000ms exceeded.[39m
authoring-preview	UNKNOWN STEP	2026-09-27T18:01:41.2920621Z 
authoring-preview	UNKNOWN STEP	2026-09-27T18:01:41.2920822Z     Error: locator.focus: Test timeout of 90000ms exceeded.
authoring-preview	UNKNOWN STEP	2026-09-27T18:01:41.2921152Z     Call log:
authoring-preview	UNKNOWN STEP	2026-09-27T18:01:41.2921585Z     [2m  - waiting for getByRole('slider', { name: 'Reading speed' })[22m
authoring-preview	UNKNOWN STEP	2026-09-27T18:01:41.2921883Z 
authoring-preview	UNKNOWN STEP	2026-09-27T18:01:41.2921889Z 
authoring-preview	UNKNOWN STEP	2026-09-27T18:01:41.2922206Z       38 |   await expect(page.getByRole('heading', { name: title, exact: true })).toBeVisible();
authoring-preview	UNKNOWN STEP	2026-09-27T18:01:41.2922882Z       39 |   await page.getByText('Notebook tools', { exact: true }).click();
authoring-preview	UNKNOWN STEP	2026-09-27T18:01:41.2923802Z     > 40 |   await page.getByRole('slider', { name: 'Reading speed' }).focus();
authoring-preview	UNKNOWN STEP	2026-09-27T18:01:41.2924301Z          |                                                             ^
authoring-preview	UNKNOWN STEP	2026-09-27T18:01:41.2924835Z       41 |   await page.getByRole('slider', { name: 'Reading speed' }).press('ArrowRight');
authoring-preview	UNKNOWN STEP	2026-09-27T18:01:41.2925748Z       42 |   await expect(page.getByRole('slider', { name: 'Reading speed' })).toHaveValue('1.1');
authoring-preview	UNKNOWN STEP	2026-09-27T18:01:41.2926830Z       43 |   await page.getByRole('button', { name: 'Help', exact: true }).click();
authoring-preview	UNKNOWN STEP	2026-09-27T18:01:41.2928064Z         at /home/runner/work/LearnLab/LearnLab/e2e/author-studio.pw.ts:40:61
authoring-preview	UNKNOWN STEP	2026-09-27T18:01:41.2928549Z 
authoring-preview	UNKNOWN STEP	2026-09-27T18:01:41.2929319Z     Error Context: test-results/author-studio-author-previ-a1825--and-writes-no-learner-rows-webkit/error-context.md
authoring-preview	UNKNOWN STEP	2026-09-27T18:01:41.2930154Z 
authoring-preview	UNKNOWN STEP	2026-09-27T18:01:41.2930834Z     Retry #1 ───────────────────────────────────────────────────────────────────────────────────────
authoring-preview	UNKNOWN STEP	2026-09-27T18:01:41.2931357Z 
authoring-preview	UNKNOWN STEP	2026-09-27T18:01:41.2931682Z     [31mTest timeout of 90000ms exceeded.[39m
authoring-preview	UNKNOWN STEP	2026-09-27T18:01:41.2932009Z 
authoring-preview	UNKNOWN STEP	2026-09-27T18:01:41.2932200Z     Error: locator.focus: Test timeout of 90000ms exceeded.
authoring-preview	UNKNOWN STEP	2026-09-27T18:01:41.2932860Z     Call log:
authoring-preview	UNKNOWN STEP	2026-09-27T18:01:41.2933287Z     [2m  - waiting for getByRole('slider', { name: 'Reading speed' })[22m
authoring-preview	UNKNOWN STEP	2026-09-27T18:01:41.2933575Z 
authoring-preview	UNKNOWN STEP	2026-09-27T18:01:41.2933581Z 
authoring-preview	UNKNOWN STEP	2026-09-27T18:01:41.2933882Z       38 |   await expect(page.getByRole('heading', { name: title, exact: true })).toBeVisible();
authoring-preview	UNKNOWN STEP	2026-09-27T18:01:41.2934452Z       39 |   await page.getByText('Notebook tools', { exact: true }).click();
authoring-preview	UNKNOWN STEP	2026-09-27T18:01:41.2934957Z     > 40 |   await page.getByRole('slider', { name: 'Reading speed' }).focus();
authoring-preview	UNKNOWN STEP	2026-09-27T18:01:41.2935388Z          |                                                             ^
authoring-preview	UNKNOWN STEP	2026-09-27T18:01:41.2935868Z       41 |   await page.getByRole('slider', { name: 'Reading speed' }).press('ArrowRight');
authoring-preview	UNKNOWN STEP	2026-09-27T18:01:41.2936480Z       42 |   await expect(page.getByRole('slider', { name: 'Reading speed' })).toHaveValue('1.1');
authoring-preview	UNKNOWN STEP	2026-09-27T18:01:41.2937068Z       43 |   await page.getByRole('button', { name: 'Help', exact: true }).click();
authoring-preview	UNKNOWN STEP	2026-09-27T18:01:41.2938349Z         at /home/runner/work/LearnLab/LearnLab/e2e/author-studio.pw.ts:40:61
authoring-preview	UNKNOWN STEP	2026-09-27T18:01:41.2938653Z 
authoring-preview	UNKNOWN STEP	2026-09-27T18:01:41.2939163Z     Error Context: test-results/author-studio-author-previ-a1825--and-writes-no-learner-rows-webkit-retry1/error-context.md
authoring-preview	UNKNOWN STEP	2026-09-27T18:01:41.2939702Z 
authoring-preview	UNKNOWN STEP	2026-09-27T18:01:41.2940134Z     attachment #2: trace (application/zip) ─────────────────────────────────────────────────────────
authoring-preview	UNKNOWN STEP	2026-09-27T18:01:41.2940894Z     test-results/author-studio-author-previ-a1825--and-writes-no-learner-rows-webkit-retry1/trace.zip
authoring-preview	UNKNOWN STEP	2026-09-27T18:01:41.2941418Z     Usage:
authoring-preview	UNKNOWN STEP	2026-09-27T18:01:41.2941528Z 
authoring-preview	UNKNOWN STEP	2026-09-27T18:01:41.2942057Z         npx playwright show-trace test-results/author-studio-author-previ-a1825--and-writes-no-learner-rows-webkit-retry1/trace.zip
authoring-preview	UNKNOWN STEP	2026-09-27T18:01:41.2942609Z 
authoring-preview	UNKNOWN STEP	2026-09-27T18:01:41.2942954Z     ────────────────────────────────────────────────────────────────────────────────────────────────
authoring-preview	UNKNOWN STEP	2026-09-27T18:01:41.2943241Z 
authoring-preview	UNKNOWN STEP	2026-09-27T18:01:41.2943612Z     Retry #2 ───────────────────────────────────────────────────────────────────────────────────────
authoring-preview	UNKNOWN STEP	2026-09-27T18:01:41.2943895Z 
authoring-preview	UNKNOWN STEP	2026-09-27T18:01:41.2944085Z     [31mTest timeout of 90000ms exceeded.[39m
authoring-preview	UNKNOWN STEP	2026-09-27T18:01:41.2944289Z 
authoring-preview	UNKNOWN STEP	2026-09-27T18:01:41.2944467Z     Error: locator.focus: Test timeout of 90000ms exceeded.
authoring-preview	UNKNOWN STEP	2026-09-27T18:01:41.2944782Z     Call log:
authoring-preview	UNKNOWN STEP	2026-09-27T18:01:41.2945184Z     [2m  - waiting for getByRole('slider', { name: 'Reading speed' })[22m
authoring-preview	UNKNOWN STEP	2026-09-27T18:01:41.2945460Z 
authoring-preview	UNKNOWN STEP	2026-09-27T18:01:41.2945466Z 
authoring-preview	UNKNOWN STEP	2026-09-27T18:01:41.2945775Z       38 |   await expect(page.getByRole('heading', { name: title, exact: true })).toBeVisible();
authoring-preview	UNKNOWN STEP	2026-09-27T18:01:41.2946340Z       39 |   await page.getByText('Notebook tools', { exact: true }).click();
authoring-preview	UNKNOWN STEP	2026-09-27T18:01:41.2946848Z     > 40 |   await page.getByRole('slider', { name: 'Reading speed' }).focus();
authoring-preview	UNKNOWN STEP	2026-09-27T18:01:41.2947654Z          |                                                             ^
authoring-preview	UNKNOWN STEP	2026-09-27T18:01:41.2948171Z       41 |   await page.getByRole('slider', { name: 'Reading speed' }).press('ArrowRight');
authoring-preview	UNKNOWN STEP	2026-09-27T18:01:41.2948806Z       42 |   await expect(page.getByRole('slider', { name: 'Reading speed' })).toHaveValue('1.1');
authoring-preview	UNKNOWN STEP	2026-09-27T18:01:41.2949386Z       43 |   await page.getByRole('button', { name: 'Help', exact: true }).click();
authoring-preview	UNKNOWN STEP	2026-09-27T18:01:41.2949916Z         at /home/runner/work/LearnLab/LearnLab/e2e/author-studio.pw.ts:40:61
authoring-preview	UNKNOWN STEP	2026-09-27T18:01:41.2950213Z 
authoring-preview	UNKNOWN STEP	2026-09-27T18:01:41.2950702Z     Error Context: test-results/author-studio-author-previ-a1825--and-writes-no-learner-rows-webkit-retry2/error-context.md
authoring-preview	UNKNOWN STEP	2026-09-27T18:01:41.2951223Z 
authoring-preview	UNKNOWN STEP	2026-09-27T18:01:41.2951728Z   2) [webkit] › e2e/author-studio.pw.ts:164:1 › phone author controls and expanded text stay within requested viewport 
authoring-preview	UNKNOWN STEP	2026-09-27T18:01:41.2952158Z 
authoring-preview	UNKNOWN STEP	2026-09-27T18:01:41.2952592Z     Error: [2mexpect([22m[31mreceived[39m[2m).[22mtoBeLessThanOrEqual[2m([22m[32mexpected[39m[2m)[22m
authoring-preview	UNKNOWN STEP	2026-09-27T18:01:41.2952989Z 
authoring-preview	UNKNOWN STEP	2026-09-27T18:01:41.2953423Z     Expected: <= [32m360[39m
authoring-preview	UNKNOWN STEP	2026-09-27T18:01:41.2953730Z     Received:    [31m589[39m
authoring-preview	UNKNOWN STEP	2026-09-27T18:01:41.2953877Z 
authoring-preview	UNKNOWN STEP	2026-09-27T18:01:41.2953964Z       183 |       })),
authoring-preview	UNKNOWN STEP	2026-09-27T18:01:41.2954237Z       184 |     ).toMatchObject({ viewport: 360 });
authoring-preview	UNKNOWN STEP	2026-09-27T18:01:41.2954792Z     > 185 |     expect(await page.evaluate(() => document.documentElement.scrollWidth)).toBeLessThanOrEqual(
authoring-preview	UNKNOWN STEP	2026-09-27T18:01:41.2955363Z           |                                                                             ^
authoring-preview	UNKNOWN STEP	2026-09-27T18:01:41.2955672Z       186 |       360,
authoring-preview	UNKNOWN STEP	2026-09-27T18:01:41.2955878Z       187 |     );
authoring-preview	UNKNOWN STEP	2026-09-27T18:01:41.2956116Z       188 |     const targets = await page
authoring-preview	UNKNOWN STEP	2026-09-27T18:01:41.2956545Z         at /home/runner/work/LearnLab/LearnLab/e2e/author-studio.pw.ts:185:77
authoring-preview	UNKNOWN STEP	2026-09-27T18:01:41.2956843Z 
authoring-preview	UNKNOWN STEP	2026-09-27T18:01:41.2957555Z     Error Context: test-results/author-studio-phone-author-2b6d5-y-within-requested-viewport-webkit/error-context.md
authoring-preview	UNKNOWN STEP	2026-09-27T18:01:41.2958056Z 
authoring-preview	UNKNOWN STEP	2026-09-27T18:01:41.2958435Z     Retry #1 ───────────────────────────────────────────────────────────────────────────────────────
authoring-preview	UNKNOWN STEP	2026-09-27T18:01:41.2958726Z 
authoring-preview	UNKNOWN STEP	2026-09-27T18:01:41.2959157Z     Error: [2mexpect([22m[31mreceived[39m[2m).[22mtoBeLessThanOrEqual[2m([22m[32mexpected[39m[2m)[22m
authoring-preview	UNKNOWN STEP	2026-09-27T18:01:41.2959547Z 
authoring-preview	UNKNOWN STEP	2026-09-27T18:01:41.2959687Z     Expected: <= [32m360[39m
authoring-preview	UNKNOWN STEP	2026-09-27T18:01:41.2959983Z     Received:    [31m589[39m
authoring-preview	UNKNOWN STEP	2026-09-27T18:01:41.2960127Z 
authoring-preview	UNKNOWN STEP	2026-09-27T18:01:41.2960211Z       183 |       })),
authoring-preview	UNKNOWN STEP	2026-09-27T18:01:41.2960477Z       184 |     ).toMatchObject({ viewport: 360 });
authoring-preview	UNKNOWN STEP	2026-09-27T18:01:41.2961039Z     > 185 |     expect(await page.evaluate(() => document.documentElement.scrollWidth)).toBeLessThanOrEqual(
authoring-preview	UNKNOWN STEP	2026-09-27T18:01:41.2961611Z           |                                                                             ^
authoring-preview	UNKNOWN STEP	2026-09-27T18:01:41.2961933Z       186 |       360,
authoring-preview	UNKNOWN STEP	2026-09-27T18:01:41.2962135Z       187 |     );
authoring-preview	UNKNOWN STEP	2026-09-27T18:01:41.2962373Z       188 |     const targets = await page
authoring-preview	UNKNOWN STEP	2026-09-27T18:01:41.2962811Z         at /home/runner/work/LearnLab/LearnLab/e2e/author-studio.pw.ts:185:77
authoring-preview	UNKNOWN STEP	2026-09-27T18:01:41.2963110Z 
authoring-preview	UNKNOWN STEP	2026-09-27T18:01:41.2963601Z     Error Context: test-results/author-studio-phone-author-2b6d5-y-within-requested-viewport-webkit-retry1/error-context.md
authoring-preview	UNKNOWN STEP	2026-09-27T18:01:41.2964130Z 
authoring-preview	UNKNOWN STEP	2026-09-27T18:01:41.2964529Z     attachment #2: trace (application/zip) ─────────────────────────────────────────────────────────
authoring-preview	UNKNOWN STEP	2026-09-27T18:01:41.2965265Z     test-results/author-studio-phone-author-2b6d5-y-within-requested-viewport-webkit-retry1/trace.zip
authoring-preview	UNKNOWN STEP	2026-09-27T18:01:41.2965778Z     Usage:
authoring-preview	UNKNOWN STEP	2026-09-27T18:01:41.2965884Z 
authoring-preview	UNKNOWN STEP	2026-09-27T18:01:41.2966391Z         npx playwright show-trace test-results/author-studio-phone-author-2b6d5-y-within-requested-viewport-webkit-retry1/trace.zip
authoring-preview	UNKNOWN STEP	2026-09-27T18:01:41.2966935Z 
authoring-preview	UNKNOWN STEP	2026-09-27T18:01:41.2967596Z     ────────────────────────────────────────────────────────────────────────────────────────────────
authoring-preview	UNKNOWN STEP	2026-09-27T18:01:41.2967905Z 
authoring-preview	UNKNOWN STEP	2026-09-27T18:01:41.2968437Z     Retry #2 ───────────────────────────────────────────────────────────────────────────────────────
authoring-preview	UNKNOWN STEP	2026-09-27T18:01:41.2968746Z 
authoring-preview	UNKNOWN STEP	2026-09-27T18:01:41.2969194Z     Error: [2mexpect([22m[31mreceived[39m[2m).[22mtoBeLessThanOrEqual[2m([22m[32mexpected[39m[2m)[22m
authoring-preview	UNKNOWN STEP	2026-09-27T18:01:41.2969598Z 
authoring-preview	UNKNOWN STEP	2026-09-27T18:01:41.2969745Z     Expected: <= [32m360[39m
authoring-preview	UNKNOWN STEP	2026-09-27T18:01:41.2970041Z     Received:    [31m589[39m
authoring-preview	UNKNOWN STEP	2026-09-27T18:01:41.2970189Z 
authoring-preview	UNKNOWN STEP	2026-09-27T18:01:41.2970275Z       183 |       })),
authoring-preview	UNKNOWN STEP	2026-09-27T18:01:41.2970544Z       184 |     ).toMatchObject({ viewport: 360 });
authoring-preview	UNKNOWN STEP	2026-09-27T18:01:41.2971105Z     > 185 |     expect(await page.evaluate(() => document.documentElement.scrollWidth)).toBeLessThanOrEqual(
authoring-preview	UNKNOWN STEP	2026-09-27T18:01:41.2971682Z           |                                                                             ^
authoring-preview	UNKNOWN STEP	2026-09-27T18:01:41.2971997Z       186 |       360,
authoring-preview	UNKNOWN STEP	2026-09-27T18:01:41.2972199Z       187 |     );
authoring-preview	UNKNOWN STEP	2026-09-27T18:01:41.2972437Z       188 |     const targets = await page
authoring-preview	UNKNOWN STEP	2026-09-27T18:01:41.2973212Z         at /home/runner/work/LearnLab/LearnLab/e2e/author-studio.pw.ts:185:77
authoring-preview	UNKNOWN STEP	2026-09-27T18:01:41.2973522Z 
authoring-preview	UNKNOWN STEP	2026-09-27T18:01:41.2974030Z     Error Context: test-results/author-studio-phone-author-2b6d5-y-within-requested-viewport-webkit-retry2/error-context.md
authoring-preview	UNKNOWN STEP	2026-09-27T18:01:41.2974560Z 
authoring-preview	UNKNOWN STEP	2026-09-27T18:01:41.2975111Z   3) [webkit] › e2e/laboratory.pw.ts:133:1 › downloaded episode survives browser close and offline reopen with local progress 
authoring-preview	UNKNOWN STEP	2026-09-27T18:01:41.2975601Z 
authoring-preview	UNKNOWN STEP	2026-09-27T18:01:41.2975957Z     Error: [2mexpect([22m[31mlocator[39m[2m).[22mtoBeVisible[2m([22m[2m)[22m failed
authoring-preview	UNKNOWN STEP	2026-09-27T18:01:41.2976280Z 
authoring-preview	UNKNOWN STEP	2026-09-27T18:01:41.2976500Z     Locator: getByRole('status').filter({ hasText: 'Ready offline' })
authoring-preview	UNKNOWN STEP	2026-09-27T18:01:41.2976860Z     Expected: visible
authoring-preview	UNKNOWN STEP	2026-09-27T18:01:41.2977076Z     Timeout: 60000ms
authoring-preview	UNKNOWN STEP	2026-09-27T18:01:41.2977713Z     Error: element(s) not found
authoring-preview	UNKNOWN STEP	2026-09-27T18:01:41.2977903Z 
authoring-preview	UNKNOWN STEP	2026-09-27T18:01:41.2977990Z     Call log:
authoring-preview	UNKNOWN STEP	2026-09-27T18:01:41.2978362Z     [2m  - Expect "toBeVisible" with timeout 60000ms[22m
authoring-preview	UNKNOWN STEP	2026-09-27T18:01:41.2978913Z     [2m  - waiting for getByRole('status').filter({ hasText: 'Ready offline' })[22m
authoring-preview	UNKNOWN STEP	2026-09-27T18:01:41.2979228Z 
authoring-preview	UNKNOWN STEP	2026-09-27T18:01:41.2979233Z 
authoring-preview	UNKNOWN STEP	2026-09-27T18:01:41.2979510Z       143 |     await page.waitForFunction(() => !!navigator.serviceWorker.controller);
authoring-preview	UNKNOWN STEP	2026-09-27T18:01:41.2980165Z       144 |     await page.getByRole('button', { name: 'Download for offline use', exact: true }).click();
authoring-preview	UNKNOWN STEP	2026-09-27T18:01:41.2980857Z     > 145 |     await expect(page.getByRole('status').filter({ hasText: 'Ready offline' })).toBeVisible({
authoring-preview	UNKNOWN STEP	2026-09-27T18:01:41.2981411Z           |                                                                                 ^
authoring-preview	UNKNOWN STEP	2026-09-27T18:01:41.2981760Z       146 |       timeout: 60000,
authoring-preview	UNKNOWN STEP	2026-09-27T18:01:41.2981999Z       147 |     });
authoring-preview	UNKNOWN STEP	2026-09-27T18:01:41.2982206Z       148 |     await page
authoring-preview	UNKNOWN STEP	2026-09-27T18:01:41.2982580Z         at /home/runner/work/LearnLab/LearnLab/e2e/laboratory.pw.ts:145:81
authoring-preview	UNKNOWN STEP	2026-09-27T18:01:41.2982868Z 
authoring-preview	UNKNOWN STEP	2026-09-27T18:01:41.2983335Z     Error Context: test-results/laboratory-downloaded-epis-2f1a7--reopen-with-local-progress-webkit/error-context.md
authoring-preview	UNKNOWN STEP	2026-09-27T18:01:41.2983828Z 
authoring-preview	UNKNOWN STEP	2026-09-27T18:01:41.2984184Z     Retry #1 ───────────────────────────────────────────────────────────────────────────────────────
authoring-preview	UNKNOWN STEP	2026-09-27T18:01:41.2984481Z 
authoring-preview	UNKNOWN STEP	2026-09-27T18:01:41.2984831Z     Error: [2mexpect([22m[31mlocator[39m[2m).[22mtoBeVisible[2m([22m[2m)[22m failed
authoring-preview	UNKNOWN STEP	2026-09-27T18:01:41.2985153Z 
authoring-preview	UNKNOWN STEP	2026-09-27T18:01:41.2985370Z     Locator: getByRole('status').filter({ hasText: 'Ready offline' })
authoring-preview	UNKNOWN STEP	2026-09-27T18:01:41.2985722Z     Expected: visible
authoring-preview	UNKNOWN STEP	2026-09-27T18:01:41.2985936Z     Timeout: 60000ms
authoring-preview	UNKNOWN STEP	2026-09-27T18:01:41.2986175Z     Error: element(s) not found
authoring-preview	UNKNOWN STEP	2026-09-27T18:01:41.2986333Z 
authoring-preview	UNKNOWN STEP	2026-09-27T18:01:41.2986416Z     Call log:
authoring-preview	UNKNOWN STEP	2026-09-27T18:01:41.2986741Z     [2m  - Expect "toBeVisible" with timeout 60000ms[22m
authoring-preview	UNKNOWN STEP	2026-09-27T18:01:41.2987669Z     [2m  - waiting for getByRole('status').filter({ hasText: 'Ready offline' })[22m
authoring-preview	UNKNOWN STEP	2026-09-27T18:01:41.2988309Z 
authoring-preview	UNKNOWN STEP	2026-09-27T18:01:41.2988316Z 
authoring-preview	UNKNOWN STEP	2026-09-27T18:01:41.2988608Z       143 |     await page.waitForFunction(() => !!navigator.serviceWorker.controller);
authoring-preview	UNKNOWN STEP	2026-09-27T18:01:41.2989448Z       144 |     await page.getByRole('button', { name: 'Download for offline use', exact: true }).click();
authoring-preview	UNKNOWN STEP	2026-09-27T18:01:41.2990612Z     > 145 |     await expect(page.getByRole('status').filter({ hasText: 'Ready offline' })).toBeVisible({
authoring-preview	UNKNOWN STEP	2026-09-27T18:01:41.2991500Z           |                                                                                 ^
authoring-preview	UNKNOWN STEP	2026-09-27T18:01:41.2992051Z       146 |       timeout: 60000,
authoring-preview	UNKNOWN STEP	2026-09-27T18:01:41.2992462Z       147 |     });
authoring-preview	UNKNOWN STEP	2026-09-27T18:01:41.2992795Z       148 |     await page
authoring-preview	UNKNOWN STEP	2026-09-27T18:01:41.2993423Z         at /home/runner/work/LearnLab/LearnLab/e2e/laboratory.pw.ts:145:81
authoring-preview	UNKNOWN STEP	2026-09-27T18:01:41.2993889Z 
authoring-preview	UNKNOWN STEP	2026-09-27T18:01:41.2994715Z     Error Context: test-results/laboratory-downloaded-epis-2f1a7--reopen-with-local-progress-webkit-retry1/error-context.md
authoring-preview	UNKNOWN STEP	2026-09-27T18:01:41.2995594Z 
authoring-preview	UNKNOWN STEP	2026-09-27T18:01:41.2996281Z     attachment #2: trace (application/zip) ─────────────────────────────────────────────────────────
authoring-preview	UNKNOWN STEP	2026-09-27T18:01:41.2997759Z     test-results/laboratory-downloaded-epis-2f1a7--reopen-with-local-progress-webkit-retry1/trace.zip
authoring-preview	UNKNOWN STEP	2026-09-27T18:01:41.2998625Z     Usage:
authoring-preview	UNKNOWN STEP	2026-09-27T18:01:41.2998797Z 
authoring-preview	UNKNOWN STEP	2026-09-27T18:01:41.2999659Z         npx playwright show-trace test-results/laboratory-downloaded-epis-2f1a7--reopen-with-local-progress-webkit-retry1/trace.zip
authoring-preview	UNKNOWN STEP	2026-09-27T18:01:41.3000550Z 
authoring-preview	UNKNOWN STEP	2026-09-27T18:01:41.3001133Z     ────────────────────────────────────────────────────────────────────────────────────────────────
authoring-preview	UNKNOWN STEP	2026-09-27T18:01:41.3001584Z 
authoring-preview	UNKNOWN STEP	2026-09-27T18:01:41.3002179Z     Retry #2 ───────────────────────────────────────────────────────────────────────────────────────
authoring-preview	UNKNOWN STEP	2026-09-27T18:01:41.3002651Z 
authoring-preview	UNKNOWN STEP	2026-09-27T18:01:41.3003217Z     Error: [2mexpect([22m[31mlocator[39m[2m).[22mtoBeVisible[2m([22m[2m)[22m failed
authoring-preview	UNKNOWN STEP	2026-09-27T18:01:41.3003778Z 
authoring-preview	UNKNOWN STEP	2026-09-27T18:01:41.3004228Z     Locator: getByRole('status').filter({ hasText: 'Ready offline' })
authoring-preview	UNKNOWN STEP	2026-09-27T18:01:41.3004826Z     Expected: visible
authoring-preview	UNKNOWN STEP	2026-09-27T18:01:41.3005181Z     Timeout: 60000ms
authoring-preview	UNKNOWN STEP	2026-09-27T18:01:41.3005564Z     Error: element(s) not found
authoring-preview	UNKNOWN STEP	2026-09-27T18:01:41.3005825Z 
authoring-preview	UNKNOWN STEP	2026-09-27T18:01:41.3005951Z     Call log:
authoring-preview	UNKNOWN STEP	2026-09-27T18:01:41.3006497Z     [2m  - Expect "toBeVisible" with timeout 60000ms[22m
authoring-preview	UNKNOWN STEP	2026-09-27T18:01:41.3007601Z     [2m  - waiting for getByRole('status').filter({ hasText: 'Ready offline' })[22m
authoring-preview	UNKNOWN STEP	2026-09-27T18:01:41.3008109Z 
authoring-preview	UNKNOWN STEP	2026-09-27T18:01:41.3008117Z 
authoring-preview	UNKNOWN STEP	2026-09-27T18:01:41.3008575Z       143 |     await page.waitForFunction(() => !!navigator.serviceWorker.controller);
authoring-preview	UNKNOWN STEP	2026-09-27T18:01:41.3009670Z       144 |     await page.getByRole('button', { name: 'Download for offline use', exact: true }).click();
authoring-preview	UNKNOWN STEP	2026-09-27T18:01:41.3010756Z     > 145 |     await expect(page.getByRole('status').filter({ hasText: 'Ready offline' })).toBeVisible({
authoring-preview	UNKNOWN STEP	2026-09-27T18:01:41.3011887Z           |                                                                                 ^
authoring-preview	UNKNOWN STEP	2026-09-27T18:01:41.3012482Z       146 |       timeout: 60000,
authoring-preview	UNKNOWN STEP	2026-09-27T18:01:41.3012866Z       147 |     });
authoring-preview	UNKNOWN STEP	2026-09-27T18:01:41.3013200Z       148 |     await page
authoring-preview	UNKNOWN STEP	2026-09-27T18:01:41.3013811Z         at /home/runner/work/LearnLab/LearnLab/e2e/laboratory.pw.ts:145:81
authoring-preview	UNKNOWN STEP	2026-09-27T18:01:41.3014278Z 
authoring-preview	UNKNOWN STEP	2026-09-27T18:01:41.3015123Z     Error Context: test-results/laboratory-downloaded-epis-2f1a7--reopen-with-local-progress-webkit-retry2/error-context.md
authoring-preview	UNKNOWN STEP	2026-09-27T18:01:41.3016023Z 
authoring-preview	UNKNOWN STEP	2026-09-27T18:01:41.3016867Z   4) [chromium] › e2e/laboratory.pw.ts:11:1 › first station episode: mistakes, keyboard repair, help, evidence and resume 
authoring-preview	UNKNOWN STEP	2026-09-27T18:01:41.3017846Z 
authoring-preview	UNKNOWN STEP	2026-09-27T18:01:41.3018468Z     Error: [2mexpect([22m[31mlocator[39m[2m).[22mtoBeVisible[2m([22m[2m)[22m failed
authoring-preview	UNKNOWN STEP	2026-09-27T18:01:41.3019035Z 
authoring-preview	UNKNOWN STEP	2026-09-27T18:01:41.3019438Z     Locator: getByRole('heading', { name: 'The beacon has a story to tell' })
authoring-preview	UNKNOWN STEP	2026-09-27T18:01:41.3020295Z     Expected: visible
authoring-preview	UNKNOWN STEP	2026-09-27T18:01:41.3020648Z     Timeout: 10000ms
authoring-preview	UNKNOWN STEP	2026-09-27T18:01:41.3021030Z     Error: element(s) not found
authoring-preview	UNKNOWN STEP	2026-09-27T18:01:41.3021293Z 
authoring-preview	UNKNOWN STEP	2026-09-27T18:01:41.3021417Z     Call log:
authoring-preview	UNKNOWN STEP	2026-09-27T18:01:41.3021974Z     [2m  - Expect "toBeVisible" with timeout 10000ms[22m
authoring-preview	UNKNOWN STEP	2026-09-27T18:01:41.3022940Z     [2m  - waiting for getByRole('heading', { name: 'The beacon has a story to tell' })[22m
authoring-preview	UNKNOWN STEP	2026-09-27T18:01:41.3023499Z 
authoring-preview	UNKNOWN STEP	2026-09-27T18:01:41.3023508Z 
authoring-preview	UNKNOWN STEP	2026-09-27T18:01:41.3024015Z       59 |   await expect(page.getByText('1 of 2 fresh checks', { exact: false })).toBeVisible();
authoring-preview	UNKNOWN STEP	2026-09-27T18:01:41.3024762Z       60 |   await page.reload();
authoring-preview	UNKNOWN STEP	2026-09-27T18:01:41.3025586Z     > 61 |   await expect(page.getByRole('heading', { name: 'The beacon has a story to tell' })).toBeVisible();
authoring-preview	UNKNOWN STEP	2026-09-27T18:01:41.3026552Z          |                                                                                       ^
authoring-preview	UNKNOWN STEP	2026-09-27T18:01:41.3027656Z       62 |   await page.getByText('See each check in your notebook', { exact: true }).click();
authoring-preview	UNKNOWN STEP	2026-09-27T18:01:41.3028770Z       63 |   await expect(page.getByText('Fresh independent check', { exact: false })).toHaveCount(1);
authoring-preview	UNKNOWN STEP	2026-09-27T18:01:41.3029755Z       64 |   await page.getByText('Notebook tools', { exact: true }).click();
authoring-preview	UNKNOWN STEP	2026-09-27T18:01:41.3030601Z         at /home/runner/work/LearnLab/LearnLab/e2e/laboratory.pw.ts:61:87
authoring-preview	UNKNOWN STEP	2026-09-27T18:01:41.3031054Z 
authoring-preview	UNKNOWN STEP	2026-09-27T18:01:41.3031865Z     Error Context: test-results/laboratory-first-station-e-47938-ir-help-evidence-and-resume-chromium/error-context.md
authoring-preview	UNKNOWN STEP	2026-09-27T18:01:41.3032711Z 
authoring-preview	UNKNOWN STEP	2026-09-27T18:01:41.3032842Z   3 failed
authoring-preview	UNKNOWN STEP	2026-09-27T18:01:41.3034042Z     [webkit] › e2e/author-studio.pw.ts:15:1 › author preview shares actual renderer, survives diagnostic export/import and writes no learner rows 
authoring-preview	UNKNOWN STEP	2026-09-27T18:01:41.3035735Z     [webkit] › e2e/author-studio.pw.ts:164:1 › phone author controls and expanded text stay within requested viewport 
authoring-preview	UNKNOWN STEP	2026-09-27T18:01:41.3037484Z     [webkit] › e2e/laboratory.pw.ts:133:1 › downloaded episode survives browser close and offline reopen with local progress 
authoring-preview	UNKNOWN STEP	2026-09-27T18:01:41.3038380Z   1 flaky
authoring-preview	UNKNOWN STEP	2026-09-27T18:01:41.3039364Z     [chromium] › e2e/laboratory.pw.ts:11:1 › first station episode: mistakes, keyboard repair, help, evidence and resume 
authoring-preview	UNKNOWN STEP	2026-09-27T18:01:41.3040227Z   3 skipped
authoring-preview	UNKNOWN STEP	2026-09-27T18:01:41.3040530Z   26 passed (5.3m)
authoring-preview	UNKNOWN STEP	2026-09-27T18:01:41.3974795Z ##[error]Process completed with exit code 1.
authoring-preview	UNKNOWN STEP	2026-09-27T18:01:41.4068069Z ##[group]Run actions/upload-artifact@v4
authoring-preview	UNKNOWN STEP	2026-09-27T18:01:41.4068414Z with:
authoring-preview	UNKNOWN STEP	2026-09-27T18:01:41.4068633Z   name: playwright-authoring-preview
authoring-preview	UNKNOWN STEP	2026-09-27T18:01:41.4068939Z   path: playwright-report/
authoring-preview	UNKNOWN STEP	test-results/
authoring-preview	UNKNOWN STEP	
authoring-preview	UNKNOWN STEP	2026-09-27T18:01:41.4069226Z   retention-days: 14
authoring-preview	UNKNOWN STEP	2026-09-27T18:01:41.4069452Z   if-no-files-found: ignore
authoring-preview	UNKNOWN STEP	2026-09-27T18:01:41.4069695Z   compression-level: 6
authoring-preview	UNKNOWN STEP	2026-09-27T18:01:41.4069911Z   overwrite: false
authoring-preview	UNKNOWN STEP	2026-09-27T18:01:41.4070121Z   include-hidden-files: false
authoring-preview	UNKNOWN STEP	2026-09-27T18:01:41.4070349Z env:
authoring-preview	UNKNOWN STEP	2026-09-27T18:01:41.4070562Z   VITE_EXPERIENCE_RUNTIME_V2: true
authoring-preview	UNKNOWN STEP	2026-09-27T18:01:41.4070816Z   VITE_AUTHOR_STUDIO: true
authoring-preview	UNKNOWN STEP	2026-09-27T18:01:41.4071033Z ##[endgroup]
authoring-preview	UNKNOWN STEP	2026-09-27T18:01:41.5849884Z (node:8789) [DEP0040] DeprecationWarning: The `punycode` module is deprecated. Please use a userland alternative instead.
authoring-preview	UNKNOWN STEP	2026-09-27T18:01:41.5855456Z (Use `node --trace-deprecation ...` to show where the warning was created)
authoring-preview	UNKNOWN STEP	2026-09-27T18:01:41.6106107Z Multiple search paths detected. Calculating the least common ancestor of all paths
authoring-preview	UNKNOWN STEP	2026-09-27T18:01:41.6108914Z The least common ancestor is /home/runner/work/LearnLab/LearnLab. This will be the root directory of the artifact
authoring-preview	UNKNOWN STEP	2026-09-27T18:01:41.6110267Z With the provided path, there will be 60 files uploaded
authoring-preview	UNKNOWN STEP	2026-09-27T18:01:41.6111460Z Artifact name is valid!
authoring-preview	UNKNOWN STEP	2026-09-27T18:01:41.6112076Z Root directory input is valid!
authoring-preview	UNKNOWN STEP	2026-09-27T18:01:41.8235629Z Beginning upload of artifact content to blob storage
authoring-preview	UNKNOWN STEP	2026-09-27T18:01:42.1859532Z (node:8789) [DEP0169] DeprecationWarning: `url.parse()` behavior is not standardized and prone to errors that have security implications. Use the WHATWG URL API instead. CVEs are not issued for `url.parse()` vulnerabilities.
authoring-preview	UNKNOWN STEP	2026-09-27T18:01:42.3426562Z Uploaded bytes 8388608
authoring-preview	UNKNOWN STEP	2026-09-27T18:01:42.6156021Z Uploaded bytes 16777216
authoring-preview	UNKNOWN STEP	2026-09-27T18:01:42.7750115Z Uploaded bytes 22428293
authoring-preview	UNKNOWN STEP	2026-09-27T18:01:42.7877491Z Finished uploading artifact content to blob storage!
authoring-preview	UNKNOWN STEP	2026-09-27T18:01:42.7878948Z SHA256 digest of uploaded artifact zip is 6bab409adebf4fd306e040b4f1c566574fee2bdfcf978a88e32abfe970805fa1
authoring-preview	UNKNOWN STEP	2026-09-27T18:01:42.7880820Z Finalizing artifact upload
authoring-preview	UNKNOWN STEP	2026-09-27T18:01:42.9850415Z Artifact playwright-authoring-preview.zip successfully finalized. Artifact ID 10937759616
authoring-preview	UNKNOWN STEP	2026-09-27T18:01:42.9852310Z Artifact playwright-authoring-preview has been successfully uploaded! Final size is 22428293 bytes. Artifact ID is 10937759616
authoring-preview	UNKNOWN STEP	2026-09-27T18:01:42.9858612Z Artifact download URL: https://github.com/TheCharlesChristy/LearnLab/actions/runs/36338721221/artifacts/10937759616
authoring-preview	UNKNOWN STEP	2026-09-27T18:01:43.0085619Z Post job cleanup.
authoring-preview	UNKNOWN STEP	2026-09-27T18:01:43.0942990Z [command]/usr/bin/git version
authoring-preview	UNKNOWN STEP	2026-09-27T18:01:43.0990354Z git version 2.55.0
authoring-preview	UNKNOWN STEP	2026-09-27T18:01:43.1039216Z Temporarily overriding HOME='/home/runner/work/_temp/331cb216-765e-49c2-af9e-7753092d7586' before making global git config changes
authoring-preview	UNKNOWN STEP	2026-09-27T18:01:43.1041119Z Adding repository directory to the temporary git global config as a safe directory
authoring-preview	UNKNOWN STEP	2026-09-27T18:01:43.1045522Z [command]/usr/bin/git config --global --add safe.directory /home/runner/work/LearnLab/LearnLab
authoring-preview	UNKNOWN STEP	2026-09-27T18:01:43.1096734Z [command]/usr/bin/git config --local --name-only --get-regexp core\.sshCommand
authoring-preview	UNKNOWN STEP	2026-09-27T18:01:43.1143895Z [command]/usr/bin/git submodule foreach --recursive sh -c "git config --local --name-only --get-regexp 'core\.sshCommand' && git config --local --unset-all 'core.sshCommand' || :"
authoring-preview	UNKNOWN STEP	2026-09-27T18:01:43.1406411Z [command]/usr/bin/git config --local --name-only --get-regexp http\.https\:\/\/github\.com\/\.extraheader
authoring-preview	UNKNOWN STEP	2026-09-27T18:01:43.1439407Z http.https://github.com/.extraheader
authoring-preview	UNKNOWN STEP	2026-09-27T18:01:43.1453259Z [command]/usr/bin/git config --local --unset-all http.https://github.com/.extraheader
authoring-preview	UNKNOWN STEP	2026-09-27T18:01:43.1491661Z [command]/usr/bin/git submodule foreach --recursive sh -c "git config --local --name-only --get-regexp 'http\.https\:\/\/github\.com\/\.extraheader' && git config --local --unset-all 'http.https://github.com/.extraheader' || :"
authoring-preview	UNKNOWN STEP	2026-09-27T18:01:43.1729602Z [command]/usr/bin/git config --local --name-only --get-regexp ^includeIf\.gitdir:
authoring-preview	UNKNOWN STEP	2026-09-27T18:01:43.1763476Z [command]/usr/bin/git submodule foreach --recursive git config --local --show-origin --name-only --get-regexp remote.origin.url
authoring-preview	UNKNOWN STEP	2026-09-27T18:01:43.2151511Z Cleaning up orphan processes
authoring-preview	UNKNOWN STEP	2026-09-27T18:01:43.2538129Z ##[warning]Node.js 20 is deprecated. The following actions target Node.js 20 but are being forced to run on Node.js 24: actions/checkout@v4, actions/setup-node@v4, actions/upload-artifact@v4. For more information see: https://github.blog/changelog/2025-09-19-deprecation-of-node-20-on-github-actions-runners/
